instance_name;lex-continuity__ORIGINAL_status;lex-continuity__ORIGINAL_weighted_reference;lex-continuity__ORIGINAL_stages;lex-continuity__ORIGINAL_elapsed_s;lex-continuity__ORIGINAL_vars;lex-continuity__SN-both-none_status;lex-continuity__SN-both-none_weighted_reference;lex-continuity__SN-both-none_stages;lex-continuity__SN-both-none_elapsed_s;lex-continuity__SN-both-none_vars;lex-continuity__SN-both-ss_status;lex-continuity__SN-both-ss_weighted_reference;lex-continuity__SN-both-ss_stages;lex-continuity__SN-both-ss_elapsed_s;lex-continuity__SN-both-ss_vars;lex-continuity__SN-none-ss_status;lex-continuity__SN-none-ss_weighted_reference;lex-continuity__SN-none-ss_stages;lex-continuity__SN-none-ss_elapsed_s;lex-continuity__SN-none-ss_vars;lex-continuity__TOT-both-none_status;lex-continuity__TOT-both-none_weighted_reference;lex-continuity__TOT-both-none_stages;lex-continuity__TOT-both-none_elapsed_s;lex-continuity__TOT-both-none_vars;lex-continuity__TOT-both-ss_status;lex-continuity__TOT-both-ss_weighted_reference;lex-continuity__TOT-both-ss_stages;lex-continuity__TOT-both-ss_elapsed_s;lex-continuity__TOT-both-ss_vars;lex-continuity__TOT-none-none_status;lex-continuity__TOT-none-none_weighted_reference;lex-continuity__TOT-none-none_stages;lex-continuity__TOT-none-none_elapsed_s;lex-continuity__TOT-none-none_vars;lex-continuity__TOT-none-ss_status;lex-continuity__TOT-none-ss_weighted_reference;lex-continuity__TOT-none-ss_stages;lex-continuity__TOT-none-ss_elapsed_s;lex-continuity__TOT-none-ss_vars
instance_30_10_4_1;TIMEOUT;None;0 | 404;300.126;75519;TIMEOUT;None;0 | 404;300.129;82462;TIMEOUT;None;0 | 404;300.133;82468;TIMEOUT;None;0 | 404;300.137;75525;TIMEOUT;None;0 | 404;300.141;69637;TIMEOUT;None;0 | 404;300.138;69643;TIMEOUT;None;0 | 404;300.128;66222;TIMEOUT;None;0 | 404;300.135;66228
instance_30_10_4_10;TIMEOUT;None;0 | 389;300.133;74110;TIMEOUT;None;0 | 389;300.133;80902;TIMEOUT;None;0 | 389;300.142;80903;TIMEOUT;None;0 | 389;300.136;74516;TIMEOUT;None;0 | 389;300.138;66292;TIMEOUT;None;0 | 389;300.139;66293;TIMEOUT;None;0 | 389;300.133;62937;TIMEOUT;None;0 | 389;300.132;63343
instance_30_10_4_11;TIMEOUT;None;0 | 371;300.137;77953;TIMEOUT;None;0 | 371;300.134;84614;TIMEOUT;None;0 | 371;300.13;84614;TIMEOUT;None;0 | 371;300.129;78362;TIMEOUT;None;0 | 371;300.135;70659;TIMEOUT;None;0 | 371;300.135;70659;TIMEOUT;None;0 | 371;300.129;67347;TIMEOUT;None;0 | 371;300.132;67756
instance_30_10_4_12;TIMEOUT;None;0 | 374;300.129;67533;TIMEOUT;None;0 | 374;300.13;75018;TIMEOUT;None;0 | 374;300.135;75018;TIMEOUT;None;0 | 374;300.132;67954;TIMEOUT;None;0 | 374;300.137;60699;TIMEOUT;None;0 | 374;300.134;60699;TIMEOUT;None;0 | 374;300.132;57169;TIMEOUT;None;0 | 374;300.133;57590
instance_30_10_4_13;UNSATISFIABLE;None;;0.032;0;UNSATISFIABLE;None;;0.055;0;UNSATISFIABLE;None;;0.056;0;UNSATISFIABLE;None;;0.035;0;UNSATISFIABLE;None;;0.048;0;UNSATISFIABLE;None;;0.049;0;UNSATISFIABLE;None;;0.032;0;UNSATISFIABLE;None;;0.034;0
instance_30_10_4_14;UNSATISFIABLE;None;;0.046;0;UNSATISFIABLE;None;;0.051;0;UNSATISFIABLE;None;;0.055;0;UNSATISFIABLE;None;;0.047;0;UNSATISFIABLE;None;;0.051;0;UNSATISFIABLE;None;;0.052;0;UNSATISFIABLE;None;;0.033;0;UNSATISFIABLE;None;;0.035;0
instance_30_10_4_15;UNSATISFIABLE;None;;0.025;0;UNSATISFIABLE;None;;0.036;0;UNSATISFIABLE;None;;0.038;0;UNSATISFIABLE;None;;0.027;0;UNSATISFIABLE;None;;0.032;0;UNSATISFIABLE;None;;0.034;0;UNSATISFIABLE;None;;0.025;0;UNSATISFIABLE;None;;0.025;0
instance_30_10_4_16;TIMEOUT;None;0 | 427;300.135;85738;TIMEOUT;None;0 | 427;300.135;92599;TIMEOUT;None;0 | 427;300.132;92605;TIMEOUT;None;0 | 427;300.133;86154;TIMEOUT;None;0 | 427;300.133;77964;TIMEOUT;None;0 | 427;300.138;77970;TIMEOUT;None;0 | 427;300.132;74616;TIMEOUT;None;0 | 427;300.141;75032
instance_30_10_4_17;TIMEOUT;None;0 | 400;300.129;70709;TIMEOUT;None;0 | 400;300.126;77984;TIMEOUT;None;0 | 400;300.125;77993;TIMEOUT;None;0 | 400;300.125;71147;TIMEOUT;None;0 | 400;300.128;68379;TIMEOUT;None;0 | 400;300.133;68388;TIMEOUT;None;0 | 400;300.131;64831;TIMEOUT;None;0 | 400;300.129;65269
instance_30_10_4_18;TIMEOUT;None;0 | 397;300.132;73055;TIMEOUT;None;0 | 397;300.138;79848;TIMEOUT;None;0 | 397;300.132;79848;TIMEOUT;None;0 | 397;300.132;73055;TIMEOUT;None;0 | 397;300.132;70469;TIMEOUT;None;0 | 397;300.132;70469;TIMEOUT;None;0 | 397;300.128;67051;TIMEOUT;None;0 | 397;300.131;67051
instance_30_10_4_19;UNSATISFIABLE;None;;0.055;0;UNSATISFIABLE;None;;0.062;0;UNSATISFIABLE;None;;0.062;0;UNSATISFIABLE;None;;0.057;0;UNSATISFIABLE;None;;0.062;0;UNSATISFIABLE;None;;0.06;0;UNSATISFIABLE;None;;0.043;0;UNSATISFIABLE;None;;0.045;0
instance_30_10_4_2;UNSATISFIABLE;None;;0.064;0;UNSATISFIABLE;None;;0.074;0;UNSATISFIABLE;None;;0.072;0;UNSATISFIABLE;None;;0.058;0;UNSATISFIABLE;None;;0.06;0;UNSATISFIABLE;None;;0.062;0;UNSATISFIABLE;None;;0.044;0;UNSATISFIABLE;None;;0.046;0
instance_30_10_4_20;UNSATISFIABLE;None;;0.046;0;UNSATISFIABLE;None;;0.053;0;UNSATISFIABLE;None;;0.057;0;UNSATISFIABLE;None;;0.047;0;UNSATISFIABLE;None;;0.053;0;UNSATISFIABLE;None;;0.051;0;UNSATISFIABLE;None;;0.049;0;UNSATISFIABLE;None;;0.048;0
instance_30_10_4_21;UNSATISFIABLE;None;;0.053;0;UNSATISFIABLE;None;;0.073;0;UNSATISFIABLE;None;;0.075;0;UNSATISFIABLE;None;;0.057;0;UNSATISFIABLE;None;;0.061;0;UNSATISFIABLE;None;;0.064;0;UNSATISFIABLE;None;;0.047;0;UNSATISFIABLE;None;;0.06;0
instance_30_10_4_22;UNSATISFIABLE;None;;0.048;0;UNSATISFIABLE;None;;0.066;0;UNSATISFIABLE;None;;0.066;0;UNSATISFIABLE;None;;0.052;0;UNSATISFIABLE;None;;0.062;0;UNSATISFIABLE;None;;0.063;0;UNSATISFIABLE;None;;0.04;0;UNSATISFIABLE;None;;0.05;0
instance_30_10_4_23;TIMEOUT;None;0 | 378;300.129;84165;TIMEOUT;None;0 | 378;300.134;91556;TIMEOUT;None;0 | 378;300.136;91557;TIMEOUT;None;0 | 378;300.136;84584;TIMEOUT;None;0 | 378;300.136;76172;TIMEOUT;None;0 | 378;300.133;76173;TIMEOUT;None;0 | 378;300.135;72678;TIMEOUT;None;0 | 378;300.131;73097
instance_30_10_4_24;TIMEOUT;None;1 | 385;300.128;74154;TIMEOUT;None;1 | 385;300.136;81682;TIMEOUT;None;1 | 385;300.13;81685;TIMEOUT;None;1 | 385;300.137;74574;TIMEOUT;None;1 | 385;300.127;69564;TIMEOUT;None;1 | 385;300.131;69567;TIMEOUT;None;1 | 385;300.134;66122;TIMEOUT;None;1 | 385;300.132;66542
instance_30_10_4_25;TIMEOUT;None;0 | 443;300.14;64625;TIMEOUT;None;0 | 443;300.134;71939;TIMEOUT;None;0 | 443;300.136;71942;TIMEOUT;None;0 | 443;300.135;65053;TIMEOUT;None;0 | 443;300.131;57326;TIMEOUT;None;0 | 443;300.139;57329;TIMEOUT;None;0 | 443;300.138;53730;TIMEOUT;None;0 | 443;300.141;54158
instance_30_10_4_26;UNSATISFIABLE;None;;0.058;0;UNSATISFIABLE;None;;0.084;0;UNSATISFIABLE;None;;0.086;0;UNSATISFIABLE;None;;0.059;0;UNSATISFIABLE;None;;0.072;0;UNSATISFIABLE;None;;0.074;0;UNSATISFIABLE;None;;0.057;0;UNSATISFIABLE;None;;0.059;0
instance_30_10_4_27;TIMEOUT;None;4 | 368;300.131;79864;TIMEOUT;None;4 | 368;300.135;86887;TIMEOUT;None;4 | 368;300.133;86892;TIMEOUT;None;4 | 368;300.131;80291;TIMEOUT;None;4 | 368;300.127;74664;TIMEOUT;None;4 | 368;300.13;74669;TIMEOUT;None;4 | 368;300.132;71214;TIMEOUT;None;4 | 368;300.127;71641
instance_30_10_4_28;UNSATISFIABLE;None;;0.026;0;UNSATISFIABLE;None;;0.035;0;UNSATISFIABLE;None;;0.037;0;UNSATISFIABLE;None;;0.03;0;UNSATISFIABLE;None;;0.034;0;UNSATISFIABLE;None;;0.034;0;UNSATISFIABLE;None;;0.026;0;UNSATISFIABLE;None;;0.029;0
instance_30_10_4_29;UNSATISFIABLE;None;;0.049;0;UNSATISFIABLE;None;;0.063;0;UNSATISFIABLE;None;;0.062;0;UNSATISFIABLE;None;;0.05;0;UNSATISFIABLE;None;;0.051;0;UNSATISFIABLE;None;;0.053;0;UNSATISFIABLE;None;;0.047;0;UNSATISFIABLE;None;;0.038;0
instance_30_10_4_3;UNSATISFIABLE;None;;0.048;0;UNSATISFIABLE;None;;0.064;0;UNSATISFIABLE;None;;0.065;0;UNSATISFIABLE;None;;0.049;0;UNSATISFIABLE;None;;0.052;0;UNSATISFIABLE;None;;0.053;0;UNSATISFIABLE;None;;0.034;0;UNSATISFIABLE;None;;0.048;0
instance_30_10_4_30;TIMEOUT;None;1 | 362;300.136;77911;TIMEOUT;None;1 | 362;300.135;84678;TIMEOUT;None;1 | 362;300.139;84678;TIMEOUT;None;1 | 362;300.134;78323;TIMEOUT;None;1 | 362;300.132;68954;TIMEOUT;None;1 | 362;300.142;68954;TIMEOUT;None;1 | 362;300.135;65623;TIMEOUT;None;1 | 362;300.131;66035
instance_30_10_4_31;TIMEOUT;None;6 | 375;300.132;72364;TIMEOUT;None;6 | 375;300.127;80221;TIMEOUT;None;6 | 375;300.132;80233;TIMEOUT;None;6 | 375;300.133;72814;TIMEOUT;None;6 | 375;300.131;67104;TIMEOUT;None;6 | 375;300.137;67116;TIMEOUT;None;6 | 375;300.13;63431;TIMEOUT;None;6 | 375;300.132;63881
instance_30_10_4_32;TIMEOUT;None;0 | 419;300.133;82138;TIMEOUT;None;0 | 419;300.13;89216;TIMEOUT;None;0 | 419;300.131;89232;TIMEOUT;None;0 | 419;300.13;82154;TIMEOUT;None;0 | 419;300.14;75930;TIMEOUT;None;0 | 419;300.14;75946;TIMEOUT;None;0 | 419;300.129;72511;TIMEOUT;None;0 | 419;300.131;72527
instance_30_10_4_33;TIMEOUT;None;0 | 433;300.128;70163;TIMEOUT;None;0 | 433;300.133;78410;TIMEOUT;None;0 | 433;300.139;78410;TIMEOUT;None;0 | 433;300.135;70604;TIMEOUT;None;0 | 433;300.14;65406;TIMEOUT;None;0 | 433;300.136;65406;TIMEOUT;None;0 | 433;300.129;61660;TIMEOUT;None;0 | 433;300.129;62101
instance_30_10_4_34;UNSATISFIABLE;None;;0.048;0;UNSATISFIABLE;None;;0.061;0;UNSATISFIABLE;None;;0.065;0;UNSATISFIABLE;None;;0.053;0;UNSATISFIABLE;None;;0.064;0;UNSATISFIABLE;None;;0.06;0;UNSATISFIABLE;None;;0.05;0;UNSATISFIABLE;None;;0.05;0
instance_30_10_4_35;UNSATISFIABLE;None;;0.043;0;UNSATISFIABLE;None;;0.054;0;UNSATISFIABLE;None;;0.054;0;UNSATISFIABLE;None;;0.047;0;UNSATISFIABLE;None;;0.05;0;UNSATISFIABLE;None;;0.042;0;UNSATISFIABLE;None;;0.033;0;UNSATISFIABLE;None;;0.037;0
instance_30_10_4_36;TIMEOUT;None;0 | 385;300.142;71974;TIMEOUT;None;0 | 385;300.136;78149;TIMEOUT;None;0 | 385;300.133;78160;TIMEOUT;None;0 | 385;300.132;72366;TIMEOUT;None;0 | 385;300.139;63933;TIMEOUT;None;0 | 385;300.135;63944;TIMEOUT;None;0 | 385;300.135;60914;TIMEOUT;None;0 | 385;300.138;61306
instance_30_10_4_37;TIMEOUT;None;0 | 433;300.133;73650;TIMEOUT;None;0 | 433;300.132;80887;TIMEOUT;None;0 | 433;300.133;80887;TIMEOUT;None;0 | 433;300.132;74071;TIMEOUT;None;0 | 433;300.143;68334;TIMEOUT;None;0 | 433;300.136;68334;TIMEOUT;None;0 | 433;300.129;64839;TIMEOUT;None;0 | 433;300.138;65260
instance_30_10_4_38;UNSATISFIABLE;None;;0.052;0;UNSATISFIABLE;None;;0.062;0;UNSATISFIABLE;None;;0.063;0;UNSATISFIABLE;None;;0.052;0;UNSATISFIABLE;None;;0.058;0;UNSATISFIABLE;None;;0.063;0;UNSATISFIABLE;None;;0.039;0;UNSATISFIABLE;None;;0.051;0
instance_30_10_4_39;UNSATISFIABLE;None;;0.046;0;UNSATISFIABLE;None;;0.055;0;UNSATISFIABLE;None;;0.051;0;UNSATISFIABLE;None;;0.047;0;UNSATISFIABLE;None;;0.054;0;UNSATISFIABLE;None;;0.05;0;UNSATISFIABLE;None;;0.035;0;UNSATISFIABLE;None;;0.049;0
instance_30_10_4_4;TIMEOUT;None;0 | 426;300.134;77796;TIMEOUT;None;0 | 426;300.138;84971;TIMEOUT;None;0 | 426;300.135;84991;TIMEOUT;None;0 | 426;300.135;78233;TIMEOUT;None;0 | 426;300.133;72589;TIMEOUT;None;0 | 426;300.132;72609;TIMEOUT;None;0 | 426;300.138;69115;TIMEOUT;None;0 | 426;300.135;69552
instance_30_10_4_40;UNSATISFIABLE;None;;0.059;0;UNSATISFIABLE;None;;0.081;0;UNSATISFIABLE;None;;0.072;0;UNSATISFIABLE;None;;0.049;0;UNSATISFIABLE;None;;0.058;0;UNSATISFIABLE;None;;0.059;0;UNSATISFIABLE;None;;0.047;0;UNSATISFIABLE;None;;0.038;0
instance_30_10_4_41;TIMEOUT;None;2 | 343;300.128;68385;TIMEOUT;None;2 | 343;300.125;75493;TIMEOUT;None;2 | 343;300.122;75517;TIMEOUT;None;2 | 343;300.127;68811;TIMEOUT;None;2 | 343;300.123;67500;TIMEOUT;None;2 | 343;300.131;67524;TIMEOUT;None;2 | 343;300.126;64153;TIMEOUT;None;2 | 343;300.129;64579
instance_30_10_4_42;UNSATISFIABLE;None;;0.047;0;UNSATISFIABLE;None;;0.065;0;UNSATISFIABLE;None;;0.066;0;UNSATISFIABLE;None;;0.049;0;UNSATISFIABLE;None;;0.061;0;UNSATISFIABLE;None;;0.064;0;UNSATISFIABLE;None;;0.047;0;UNSATISFIABLE;None;;0.05;0
instance_30_10_4_43;TIMEOUT;None;1 | 404;300.134;71629;TIMEOUT;None;1 | 404;300.136;78172;TIMEOUT;None;1 | 404;300.137;78178;TIMEOUT;None;1 | 404;300.136;72029;TIMEOUT;None;1 | 404;300.137;62716;TIMEOUT;None;1 | 404;300.135;62722;TIMEOUT;None;1 | 404;300.134;59526;TIMEOUT;None;1 | 404;300.136;59926
instance_30_10_4_44;UNSATISFIABLE;None;;0.078;0;UNSATISFIABLE;None;;0.094;0;UNSATISFIABLE;None;;0.092;0;UNSATISFIABLE;None;;0.07;0;UNSATISFIABLE;None;;0.076;0;UNSATISFIABLE;None;;0.077;0;UNSATISFIABLE;None;;0.057;0;UNSATISFIABLE;None;;0.057;0
instance_30_10_4_45;TIMEOUT;None;0 | 357;300.126;72924;TIMEOUT;None;0 | 357;300.129;80324;TIMEOUT;None;0 | 357;300.13;80332;TIMEOUT;None;0 | 357;300.128;73354;TIMEOUT;None;0 | 357;300.133;67552;TIMEOUT;None;0 | 357;300.126;67560;TIMEOUT;None;0 | 357;300.129;64001;TIMEOUT;None;0 | 357;300.128;64431
instance_30_10_4_46;UNSATISFIABLE;None;;0.027;0;UNSATISFIABLE;None;;0.051;0;UNSATISFIABLE;None;;0.039;0;UNSATISFIABLE;None;;0.03;0;UNSATISFIABLE;None;;0.034;0;UNSATISFIABLE;None;;0.036;0;UNSATISFIABLE;None;;0.025;0;UNSATISFIABLE;None;;0.028;0
instance_30_10_4_47;TIMEOUT;None;0 | 387;300.131;81433;TIMEOUT;None;0 | 387;300.129;88690;TIMEOUT;None;0 | 387;300.13;88707;TIMEOUT;None;0 | 387;300.132;81875;TIMEOUT;None;0 | 387;300.128;78249;TIMEOUT;None;0 | 387;300.132;78266;TIMEOUT;None;0 | 387;300.127;74714;TIMEOUT;None;0 | 387;300.13;75156
instance_30_10_4_48;TIMEOUT;None;0 | 373;300.127;76596;TIMEOUT;None;0 | 373;300.13;83554;TIMEOUT;None;0 | 373;300.127;83554;TIMEOUT;None;0 | 373;300.13;77010;TIMEOUT;None;0 | 373;300.122;74266;TIMEOUT;None;0 | 373;300.126;74266;TIMEOUT;None;0 | 373;300.125;70789;TIMEOUT;None;0 | 373;300.122;71203
instance_30_10_4_49;UNSATISFIABLE;None;;0.066;0;UNSATISFIABLE;None;;0.078;0;UNSATISFIABLE;None;;0.075;0;UNSATISFIABLE;None;;0.057;0;UNSATISFIABLE;None;;0.072;0;UNSATISFIABLE;None;;0.071;0;UNSATISFIABLE;None;;0.058;0;UNSATISFIABLE;None;;0.061;0
instance_30_10_4_5;TIMEOUT;None;1 | 415;300.134;80482;TIMEOUT;None;1 | 415;300.128;86718;TIMEOUT;None;1 | 415;300.13;86722;TIMEOUT;None;1 | 415;300.13;80869;TIMEOUT;None;1 | 415;300.141;75808;TIMEOUT;None;1 | 415;300.128;75812;TIMEOUT;None;1 | 415;300.139;72676;TIMEOUT;None;1 | 415;300.127;73063
