instance,instance_sha256,method,sorting_status,totalizer_status,both_proved,both_optimum,status_match_when_decided,objective_match_when_optimum,sorting_elapsed_seconds,totalizer_elapsed_seconds,speedup_sorting_over_totalizer
instances/paperInstances/TXT_10-25_4-5_U30/instance_30_20_5_3.txt,00c04d1a2f35c7911db04db07c768739e96fddd1bbda7e4c2f9ce73cae559448,weighted,OPTIMUM,OPTIMUM,True,True,True,True,10.38751459,5.819807514,1.7848553521765154
instances/paperInstances/TXT_10-25_4-5_U30/instance_30_20_4_2.txt,025718ae2c24c8d0e31e9ac519c74dfe0ec011694ca01fea084f5967a34d77cb,weighted,OPTIMUM,OPTIMUM,True,True,True,True,29.99181816,19.9038738,1.506833215552241
instances/paperInstances/TXT_10-25_4-5_U40/instance_40_15_4_1.txt,08753e549b448dbbe278003c40c649f97101629198f9d13290f91a66f104ad08,weighted,OPTIMUM,OPTIMUM,True,True,True,True,15.91149759,26.80018735,0.5937084462209925
instances/paperInstances/TXT_10-25_4-5_U30/instance_30_25_5_1.txt,119414c1057b93e4d5b9f962d9e443c5e6cc573ebda819842b68244174911d76,weighted,OPTIMUM,OPTIMUM,True,True,True,True,27.60228874,25.20660657,1.0950418360895613
instances/paperInstances/TXT_10-25_4-5_U30/instance_30_15_5_3.txt,143aa4738d0e95ce9f6c07e285723a9971c6b3dc893447dcab654fd02469eef2,weighted,OPTIMUM,OPTIMUM,True,True,True,True,6.958776157,11.98488207,0.5806295061024326
instances/paperInstances/TXT_10-25_4-5_U30/instance_30_25_4_3.txt,1713a3b193679c914efffd60a875c02136eb9ed54bc0ebab5712aaec8309ac68,weighted,OPTIMUM,OPTIMUM,True,True,True,True,23.4500229,20.64197057,1.1360360591774643
instances/paperInstances/TXT_10-25_4-5_U30/instance_30_25_4_1.txt,17bd7cc093ae1b41f4197b966c86f01dfa3d1b0eec8fe8e9f32f0825b95481d9,weighted,OPTIMUM,OPTIMUM,True,True,True,True,31.48138608,29.31874821,1.0737629674537867
instances/paperInstances/TXT_10-25_4-5_U40/instance_40_10_4_2.txt,25d65db1161731d58a933fa6f0e53b80c5f2424a5d2792525330c2f160c74365,weighted,TIMEOUT_FEASIBLE,TIMEOUT_FEASIBLE,False,False,,,3600.031788,3600.031248,
instances/paperInstances/TXT_10-25_4-5_U40/instance_40_15_4_3.txt,2858426ef4418fe4a34d43307db46446affdc9baf2cf002c69df250c4e9f73b0,weighted,UNSATISFIABLE,UNSATISFIABLE,True,False,True,,0.083913641,0.061298673,1.3689307923517366
instances/paperInstances/TXT_10-25_4-5_U30/instance_30_25_4_2.txt,2e96d7bac6213f53d5b3d28861fee7d391b9ef4018f9b228ccbc5ebb53e8a75d,weighted,OPTIMUM,OPTIMUM,True,True,True,True,21.66352239,18.50151337,1.1709054257759888
instances/paperInstances/TXT_10-25_4-5_U30/instance_30_20_4_1.txt,3209f4efbb6261e5243179bd1967f110079bb5e11dcbedbd7bec54205e3dca99,weighted,OPTIMUM,OPTIMUM,True,True,True,True,20.93424498,22.81454627,0.9175832266069431
instances/paperInstances/TXT_10-25_4-5_U40/instance_40_15_5_2.txt,357e7059e67d8c7e3e543b7e1c4fc19ecaa3f9f1d7c22744637d9a4a423bad67,weighted,OPTIMUM,OPTIMUM,True,True,True,True,68.80760799,72.49409952,0.9491477023039239
instances/paperInstances/TXT_10-25_4-5_U40/instance_40_25_5_2.txt,39788863e37d864a0a9e724f8d11d7a7c27c431d02e9232cb76636fbefb9c5a3,weighted,OPTIMUM,OPTIMUM,True,True,True,True,43.8840597,27.06247278,1.6215835136998888
instances/paperInstances/TXT_10-25_4-5_U40/instance_40_20_5_2.txt,39f0c1737b31ff233f944aff3c159c6831f3b2382c1e9905e5fbd8fa4fe46afa,weighted,OPTIMUM,OPTIMUM,True,True,True,True,64.69270443,55.43924655,1.166911681811087
instances/paperInstances/TXT_10-25_4-5_U30/instance_30_15_5_2.txt,42a8b9d67c40bda8bdb0395c13390d07fdfa256b5a250a32fa0a39cfd18a95c4,weighted,OPTIMUM,OPTIMUM,True,True,True,True,30.10881972,27.41143008,1.0984038276050427
instances/paperInstances/TXT_10-25_4-5_U40/instance_40_10_4_3.txt,4b99e4b03237aaaa74b67766b67b1fe5b33f60b418617da965b4bcf86a479158,weighted,OPTIMUM,OPTIMUM,True,True,True,True,26.51248748,21.77756731,1.217421904962993
instances/paperInstances/TXT_10-25_4-5_U30/instance_30_10_4_3.txt,540dd7a199a8914e7bdf5e81792d9df12e9025086de2293f7bf528fc6fc8a239,weighted,UNSATISFIABLE,UNSATISFIABLE,True,False,True,,0.054032482,0.054198215,0.9969420948641943
instances/paperInstances/TXT_10-25_4-5_U40/instance_40_15_5_1.txt,5a9063809e0e4220042ab177386a21750f25f08afded0ca353b609d8f5d67be2,weighted,OPTIMUM,OPTIMUM,True,True,True,True,282.9546185,131.5115661,2.1515569078148173
instances/paperInstances/TXT_10-25_4-5_U30/instance_30_10_5_3.txt,607fc8b64d74aa30d93984c24a5bb25420f81ebbec931c4600de2013e14d7278,weighted,OPTIMUM,OPTIMUM,True,True,True,True,24.86290669,12.90214486,1.927036702795166
instances/paperInstances/TXT_10-25_4-5_U40/instance_40_10_5_3.txt,618ea043ffced4a8a2322249857f2af19fc51960db3d1d976c2cccb698adfdc4,weighted,UNSATISFIABLE,UNSATISFIABLE,True,False,True,,0.286806662,0.217630586,1.3178600824058802
instances/paperInstances/TXT_10-25_4-5_U40/instance_40_10_4_1.txt,65c0693dc59af57df04027c2c836dcf6ddd120661d2dcfb283f947d7e891107f,weighted,OPTIMUM,OPTIMUM,True,True,True,True,40.57389818,39.8364008,1.018513152925201
instances/paperInstances/TXT_10-25_4-5_U30/instance_30_20_5_1.txt,6e8782354648467bf973b1b6298113cbb6c30f4937248555f4e2ed6bbd30994a,weighted,OPTIMUM,OPTIMUM,True,True,True,True,16.58599658,10.14278997,1.6352499291671716
instances/paperInstances/TXT_10-25_4-5_U40/instance_40_25_5_1.txt,7527917283309cb995dc3b6df322612ab8825060e28978a427022c00c583ca99,weighted,OPTIMUM,OPTIMUM,True,True,True,True,43.20751887,33.22067568,1.300621314454854
instances/paperInstances/TXT_10-25_4-5_U40/instance_40_20_4_1.txt,79923b863781f16d7454ee58c30f4f907406b3bc9267a30b84288f75affb2358,weighted,OPTIMUM,OPTIMUM,True,True,True,True,55.80791469,38.38895051,1.4537494239511055
instances/paperInstances/TXT_10-25_4-5_U40/instance_40_20_5_3.txt,8b57c7c5f2041e8a86e22ed850cedae080f72c24861a8aac967f4d12f815cee8,weighted,OPTIMUM,OPTIMUM,True,True,True,True,51.95826215,60.8684646,0.8536154557445499
instances/paperInstances/TXT_10-25_4-5_U30/instance_30_15_4_2.txt,8c591928ac318099edcb620831b2c120f77b89a737b99ab8da3551f3ba8bb800,weighted,OPTIMUM,OPTIMUM,True,True,True,True,11.65826441,6.784824067,1.718285440399762
instances/paperInstances/TXT_10-25_4-5_U30/instance_30_10_5_2.txt,94babc1f3be6d34ed96a77652d95cbcc8e5fd65867a338a9f99f8e6635562a3d,weighted,UNSATISFIABLE,UNSATISFIABLE,True,False,True,,0.108397961,0.096920724,1.1184188120592249
instances/paperInstances/TXT_10-25_4-5_U40/instance_40_10_5_1.txt,987b2d19f85e05463d5f9116d0c9cb555826e3bdbff02e35da167a3eb6a8ee09,weighted,UNSATISFIABLE,UNSATISFIABLE,True,False,True,,0.253127515,0.205042951,1.2345097149913729
instances/paperInstances/TXT_10-25_4-5_U40/instance_40_15_4_2.txt,9bb873764009d45c4b7664f2c1cbef4f4609c4e7b613025f831a0c24320a7ebe,weighted,OPTIMUM,OPTIMUM,True,True,True,True,911.2347433,250.4151867,3.638895688829243
instances/paperInstances/TXT_10-25_4-5_U40/instance_40_25_4_1.txt,9f6a97e0d98a957d36f6fdfa2ca9c2b413a21bc4714ecb3ef33d5992a4a521d3,weighted,OPTIMUM,OPTIMUM,True,True,True,True,55.04703722,51.49283508,1.0690232366207482
instances/paperInstances/TXT_10-25_4-5_U40/instance_40_15_5_3.txt,9f73b4873d39ff5bde77dcc8fc8f2c843d0369d85a32350bd04fca9451b37af7,weighted,OPTIMUM,OPTIMUM,True,True,True,True,53.9696811,61.94680844,0.8712261770882608
instances/paperInstances/TXT_10-25_4-5_U30/instance_30_15_5_1.txt,a3e643aa790c83d208bf030ff6546a5205b4252aeb402eef9516abe30e7ede51,weighted,OPTIMUM,OPTIMUM,True,True,True,True,31.83371552,27.48486155,1.1582272467368495
instances/paperInstances/TXT_10-25_4-5_U40/instance_40_25_4_2.txt,a5fd07405bd2138e224fcff99971af5c8fb458055ce1f5659f97abe4d7cf6567,weighted,OPTIMUM,OPTIMUM,True,True,True,True,30.17172725,30.83345659,0.9785385936841536
instances/paperInstances/TXT_10-25_4-5_U40/instance_40_20_5_1.txt,ad55cb5a53e14a0fa0f8fabb34d5deca8de3e2646554190b8544a3514eecf69f,weighted,TIMEOUT_FEASIBLE,TIMEOUT_FEASIBLE,False,False,,,3600.051479,3600.073973,
instances/paperInstances/TXT_10-25_4-5_U30/instance_30_25_5_2.txt,afda64c6a4d16f0aab56c95960d2776bb1347a6b3d1e106ef997406dfabb7f64,weighted,OPTIMUM,OPTIMUM,True,True,True,True,51.43947413,32.96612764,1.5603735656105708
instances/paperInstances/TXT_10-25_4-5_U30/instance_30_15_4_3.txt,b7330396c1f4fb91992463c1b9a718b516add470900d3da1c8fcdecd47cd2351,weighted,OPTIMUM,OPTIMUM,True,True,True,True,20.92730321,17.759821,1.1783510211054493
instances/paperInstances/TXT_10-25_4-5_U40/instance_40_20_4_3.txt,c7f907d0a16d86cf532538aaccb5b409cb1f54b68c619425264e5770f92cf9d5,weighted,OPTIMUM,OPTIMUM,True,True,True,True,37.6235319,34.43875645,1.0924764938775833
instances/paperInstances/TXT_10-25_4-5_U30/instance_30_10_5_1.txt,cd394004a7efe69c90a3a874859e5ee6d6e07ba5f0f1492e6a72f749c3e07231,weighted,OPTIMUM,OPTIMUM,True,True,True,True,22.25814266,16.440534,1.3538576459864382
instances/paperInstances/TXT_10-25_4-5_U40/instance_40_25_4_3.txt,d31d5ebd793f9506703adf88bb1487f27f39f7dae72343efbed4ef3ba17d6c70,weighted,OPTIMUM,OPTIMUM,True,True,True,True,39.30718366,38.38675393,1.023977795353013
instances/paperInstances/TXT_10-25_4-5_U30/instance_30_10_4_2.txt,d4b94057d3915bff8ac5bc679ae05633cba383cf590d2544c705fcdc82eec9d3,weighted,UNSATISFIABLE,UNSATISFIABLE,True,False,True,,0.080932642,0.073010606,1.108505276616934
instances/paperInstances/TXT_10-25_4-5_U40/instance_40_10_5_2.txt,d6b2b901f5eb953ed1411f5c26e102aa18c9d02d8f8f9b6fd33a375fb7651fb6,weighted,OPTIMUM,OPTIMUM,True,True,True,True,107.6788593,91.59524257,1.1755944553311095
instances/paperInstances/TXT_10-25_4-5_U30/instance_30_20_4_3.txt,d836a8343c2be620c6bb619dc689993bef40386269bb2d0dea8cbaf6c0fb7536,weighted,OPTIMUM,OPTIMUM,True,True,True,True,24.45373234,28.78446399,0.8495462117514316
instances/paperInstances/TXT_10-25_4-5_U30/instance_30_15_4_1.txt,d99bf3865499e2e1bfd8a0533ad957e78af08f8b1911715f1e3b209f9b6ca2f4,weighted,OPTIMUM,OPTIMUM,True,True,True,True,22.36387914,17.05419479,1.3113418379103667
instances/paperInstances/TXT_10-25_4-5_U40/instance_40_20_4_2.txt,de44769e74cee33d3ec1545dea64186717cd08da748ecafbf69a47dd550b30ed,weighted,OPTIMUM,OPTIMUM,True,True,True,True,30.14055954,23.15518651,1.3016763880085025
instances/paperInstances/TXT_10-25_4-5_U30/instance_30_25_5_3.txt,de711e9fdc068fce44517e3b622238b8979d5f15b53688aae30f64a084fe1e6a,weighted,OPTIMUM,OPTIMUM,True,True,True,True,42.66499578,37.45413251,1.1391265241187667
instances/paperInstances/TXT_10-25_4-5_U40/instance_40_25_5_3.txt,eec87b212b1dc7cd157a3095a3e3e042d6263a505c9a6326aeb99d555c89688c,weighted,OPTIMUM,OPTIMUM,True,True,True,True,54.72500926,59.63354067,0.9176884123456156
instances/paperInstances/TXT_10-25_4-5_U30/instance_30_10_4_1.txt,f7f869e3d712742822a508d5706212db8714488787cbc8d9261762829b2d4977,weighted,OPTIMUM,OPTIMUM,True,True,True,True,11.81521056,12.71466836,0.9292582571143052
instances/paperInstances/TXT_10-25_4-5_U30/instance_30_20_5_2.txt,f879421a3977baa179f2e8cd512259579b371e9367fa7171eba9ad769a4f6de4,weighted,OPTIMUM,OPTIMUM,True,True,True,True,39.99386788,33.50202123,1.193774775719704
instances/paperInstances/TXT_10-25_4-5_U30/instance_30_20_5_3.txt,00c04d1a2f35c7911db04db07c768739e96fddd1bbda7e4c2f9ce73cae559448,lex-cos,OPTIMUM,OPTIMUM,True,True,True,True,87.70683089,89.32652139,0.9818677535540826
instances/paperInstances/TXT_10-25_4-5_U30/instance_30_20_4_2.txt,025718ae2c24c8d0e31e9ac519c74dfe0ec011694ca01fea084f5967a34d77cb,lex-cos,OPTIMUM,OPTIMUM,True,True,True,True,81.02290523,81.4344411,0.9949464150003235
instances/paperInstances/TXT_10-25_4-5_U40/instance_40_15_4_1.txt,08753e549b448dbbe278003c40c649f97101629198f9d13290f91a66f104ad08,lex-cos,OPTIMUM,OPTIMUM,True,True,True,True,109.9594514,112.1104615,0.9808134756451788
instances/paperInstances/TXT_10-25_4-5_U30/instance_30_25_5_1.txt,119414c1057b93e4d5b9f962d9e443c5e6cc573ebda819842b68244174911d76,lex-cos,OPTIMUM,OPTIMUM,True,True,True,True,99.8993381,102.0921086,0.9785216455015995
instances/paperInstances/TXT_10-25_4-5_U30/instance_30_15_5_3.txt,143aa4738d0e95ce9f6c07e285723a9971c6b3dc893447dcab654fd02469eef2,lex-cos,OPTIMUM,OPTIMUM,True,True,True,True,82.43374057,84.82310147,0.9718312481082165
instances/paperInstances/TXT_10-25_4-5_U30/instance_30_25_4_3.txt,1713a3b193679c914efffd60a875c02136eb9ed54bc0ebab5712aaec8309ac68,lex-cos,OPTIMUM,OPTIMUM,True,True,True,True,78.40851681,80.96542528,0.9684197487858855
instances/paperInstances/TXT_10-25_4-5_U30/instance_30_25_4_1.txt,17bd7cc093ae1b41f4197b966c86f01dfa3d1b0eec8fe8e9f32f0825b95481d9,lex-cos,OPTIMUM,OPTIMUM,True,True,True,True,92.51233476,87.38821917,1.0586362285290634
instances/paperInstances/TXT_10-25_4-5_U40/instance_40_10_4_2.txt,25d65db1161731d58a933fa6f0e53b80c5f2424a5d2792525330c2f160c74365,lex-cos,OPTIMUM,OPTIMUM,True,True,True,True,98.26709162,105.4502091,0.9318814297163874
instances/paperInstances/TXT_10-25_4-5_U40/instance_40_15_4_3.txt,2858426ef4418fe4a34d43307db46446affdc9baf2cf002c69df250c4e9f73b0,lex-cos,UNSATISFIABLE,UNSATISFIABLE,True,False,True,,0.063090224,0.060145415,1.0489614877543034
instances/paperInstances/TXT_10-25_4-5_U30/instance_30_25_4_2.txt,2e96d7bac6213f53d5b3d28861fee7d391b9ef4018f9b228ccbc5ebb53e8a75d,lex-cos,OPTIMUM,OPTIMUM,True,True,True,True,95.88343504,90.81676376,1.055790044373191
instances/paperInstances/TXT_10-25_4-5_U30/instance_30_20_4_1.txt,3209f4efbb6261e5243179bd1967f110079bb5e11dcbedbd7bec54205e3dca99,lex-cos,OPTIMUM,OPTIMUM,True,True,True,True,90.32765072,85.5902221,1.0553501148117712
instances/paperInstances/TXT_10-25_4-5_U40/instance_40_15_5_2.txt,357e7059e67d8c7e3e543b7e1c4fc19ecaa3f9f1d7c22744637d9a4a423bad67,lex-cos,OPTIMUM,OPTIMUM,True,True,True,True,155.4320885,165.6971268,0.9380493886753382
instances/paperInstances/TXT_10-25_4-5_U40/instance_40_25_5_2.txt,39788863e37d864a0a9e724f8d11d7a7c27c431d02e9232cb76636fbefb9c5a3,lex-cos,OPTIMUM,OPTIMUM,True,True,True,True,143.5868832,157.4809747,0.911772888588808
instances/paperInstances/TXT_10-25_4-5_U40/instance_40_20_5_2.txt,39f0c1737b31ff233f944aff3c159c6831f3b2382c1e9905e5fbd8fa4fe46afa,lex-cos,OPTIMUM,OPTIMUM,True,True,True,True,163.3566697,159.0162342,1.027295549550877
instances/paperInstances/TXT_10-25_4-5_U30/instance_30_15_5_2.txt,42a8b9d67c40bda8bdb0395c13390d07fdfa256b5a250a32fa0a39cfd18a95c4,lex-cos,OPTIMUM,OPTIMUM,True,True,True,True,76.41931912,77.60932168,0.9846667573657372
instances/paperInstances/TXT_10-25_4-5_U40/instance_40_10_4_3.txt,4b99e4b03237aaaa74b67766b67b1fe5b33f60b418617da965b4bcf86a479158,lex-cos,OPTIMUM,OPTIMUM,True,True,True,True,87.10940859,84.51729283,1.0306696496445271
instances/paperInstances/TXT_10-25_4-5_U30/instance_30_10_4_3.txt,540dd7a199a8914e7bdf5e81792d9df12e9025086de2293f7bf528fc6fc8a239,lex-cos,UNSATISFIABLE,UNSATISFIABLE,True,False,True,,0.044560951,0.041893496,1.0636722941432244
instances/paperInstances/TXT_10-25_4-5_U40/instance_40_15_5_1.txt,5a9063809e0e4220042ab177386a21750f25f08afded0ca353b609d8f5d67be2,lex-cos,OPTIMUM,OPTIMUM,True,True,True,True,140.2044793,141.8976041,0.9880679817623503
instances/paperInstances/TXT_10-25_4-5_U30/instance_30_10_5_3.txt,607fc8b64d74aa30d93984c24a5bb25420f81ebbec931c4600de2013e14d7278,lex-cos,OPTIMUM,OPTIMUM,True,True,True,True,51.97328164,50.69709515,1.0251727734345348
instances/paperInstances/TXT_10-25_4-5_U40/instance_40_10_5_3.txt,618ea043ffced4a8a2322249857f2af19fc51960db3d1d976c2cccb698adfdc4,lex-cos,UNSATISFIABLE,UNSATISFIABLE,True,False,True,,0.507601958,0.166554312,3.0476662651640023
instances/paperInstances/TXT_10-25_4-5_U40/instance_40_10_4_1.txt,65c0693dc59af57df04027c2c836dcf6ddd120661d2dcfb283f947d7e891107f,lex-cos,OPTIMUM,OPTIMUM,True,True,True,True,98.02546838,96.02424634,1.0208407992384978
instances/paperInstances/TXT_10-25_4-5_U30/instance_30_20_5_1.txt,6e8782354648467bf973b1b6298113cbb6c30f4937248555f4e2ed6bbd30994a,lex-cos,OPTIMUM,OPTIMUM,True,True,True,True,89.0870232,91.86049189,0.9698078179973046
instances/paperInstances/TXT_10-25_4-5_U40/instance_40_25_5_1.txt,7527917283309cb995dc3b6df322612ab8825060e28978a427022c00c583ca99,lex-cos,OPTIMUM,OPTIMUM,True,True,True,True,138.2592281,148.2720349,0.9324700250674175
instances/paperInstances/TXT_10-25_4-5_U40/instance_40_20_4_1.txt,79923b863781f16d7454ee58c30f4f907406b3bc9267a30b84288f75affb2358,lex-cos,OPTIMUM,OPTIMUM,True,True,True,True,122.2757048,125.1211813,0.9772582350131631
instances/paperInstances/TXT_10-25_4-5_U40/instance_40_20_5_3.txt,8b57c7c5f2041e8a86e22ed850cedae080f72c24861a8aac967f4d12f815cee8,lex-cos,OPTIMUM,OPTIMUM,True,True,True,True,153.8608806,149.4593075,1.0294499765429463
instances/paperInstances/TXT_10-25_4-5_U30/instance_30_15_4_2.txt,8c591928ac318099edcb620831b2c120f77b89a737b99ab8da3551f3ba8bb800,lex-cos,OPTIMUM,OPTIMUM,True,True,True,True,66.19999858,70.83920777,0.9345107132611853
instances/paperInstances/TXT_10-25_4-5_U30/instance_30_10_5_2.txt,94babc1f3be6d34ed96a77652d95cbcc8e5fd65867a338a9f99f8e6635562a3d,lex-cos,UNSATISFIABLE,UNSATISFIABLE,True,False,True,,0.085935086,0.077867548,1.103605907816694
instances/paperInstances/TXT_10-25_4-5_U40/instance_40_10_5_1.txt,987b2d19f85e05463d5f9116d0c9cb555826e3bdbff02e35da167a3eb6a8ee09,lex-cos,UNSATISFIABLE,UNSATISFIABLE,True,False,True,,0.137825103,0.133607944,1.0315636845665404
instances/paperInstances/TXT_10-25_4-5_U40/instance_40_15_4_2.txt,9bb873764009d45c4b7664f2c1cbef4f4609c4e7b613025f831a0c24320a7ebe,lex-cos,OPTIMUM,OPTIMUM,True,True,True,True,178.0606491,126.2339551,1.410560644788036
instances/paperInstances/TXT_10-25_4-5_U40/instance_40_25_4_1.txt,9f6a97e0d98a957d36f6fdfa2ca9c2b413a21bc4714ecb3ef33d5992a4a521d3,lex-cos,OPTIMUM,OPTIMUM,True,True,True,True,140.301871,139.3028961,1.0071712428669313
instances/paperInstances/TXT_10-25_4-5_U40/instance_40_15_5_3.txt,9f73b4873d39ff5bde77dcc8fc8f2c843d0369d85a32350bd04fca9451b37af7,lex-cos,OPTIMUM,OPTIMUM,True,True,True,True,160.0055162,153.4293104,1.042861470098871
instances/paperInstances/TXT_10-25_4-5_U30/instance_30_15_5_1.txt,a3e643aa790c83d208bf030ff6546a5205b4252aeb402eef9516abe30e7ede51,lex-cos,OPTIMUM,OPTIMUM,True,True,True,True,86.49636639,87.81426885,0.9849921604169913
instances/paperInstances/TXT_10-25_4-5_U40/instance_40_25_4_2.txt,a5fd07405bd2138e224fcff99971af5c8fb458055ce1f5659f97abe4d7cf6567,lex-cos,OPTIMUM,OPTIMUM,True,True,True,True,129.7073179,137.2787474,0.9448463098374688
instances/paperInstances/TXT_10-25_4-5_U40/instance_40_20_5_1.txt,ad55cb5a53e14a0fa0f8fabb34d5deca8de3e2646554190b8544a3514eecf69f,lex-cos,OPTIMUM,OPTIMUM,True,True,True,True,184.0454809,195.0766395,0.9434521804954509
instances/paperInstances/TXT_10-25_4-5_U30/instance_30_25_5_2.txt,afda64c6a4d16f0aab56c95960d2776bb1347a6b3d1e106ef997406dfabb7f64,lex-cos,OPTIMUM,OPTIMUM,True,True,True,True,106.0651395,107.9531239,0.9825110721043248
instances/paperInstances/TXT_10-25_4-5_U30/instance_30_15_4_3.txt,b7330396c1f4fb91992463c1b9a718b516add470900d3da1c8fcdecd47cd2351,lex-cos,OPTIMUM,OPTIMUM,True,True,True,True,71.58636797,76.84333711,0.9315884846011473
instances/paperInstances/TXT_10-25_4-5_U40/instance_40_20_4_3.txt,c7f907d0a16d86cf532538aaccb5b409cb1f54b68c619425264e5770f92cf9d5,lex-cos,OPTIMUM,OPTIMUM,True,True,True,True,104.5146033,104.511235,1.0000322290708745
instances/paperInstances/TXT_10-25_4-5_U30/instance_30_10_5_1.txt,cd394004a7efe69c90a3a874859e5ee6d6e07ba5f0f1492e6a72f749c3e07231,lex-cos,OPTIMUM,OPTIMUM,True,True,True,True,76.38571338,79.05082521,0.9662860972934807
instances/paperInstances/TXT_10-25_4-5_U40/instance_40_25_4_3.txt,d31d5ebd793f9506703adf88bb1487f27f39f7dae72343efbed4ef3ba17d6c70,lex-cos,OPTIMUM,OPTIMUM,True,True,True,True,128.6598295,132.1284934,0.9737477979901041
instances/paperInstances/TXT_10-25_4-5_U30/instance_30_10_4_2.txt,d4b94057d3915bff8ac5bc679ae05633cba383cf590d2544c705fcdc82eec9d3,lex-cos,UNSATISFIABLE,UNSATISFIABLE,True,False,True,,0.06981852,0.060768026,1.148935132432967
instances/paperInstances/TXT_10-25_4-5_U40/instance_40_10_5_2.txt,d6b2b901f5eb953ed1411f5c26e102aa18c9d02d8f8f9b6fd33a375fb7651fb6,lex-cos,OPTIMUM,OPTIMUM,True,True,True,True,115.5194809,161.1954938,0.7166421230318536
instances/paperInstances/TXT_10-25_4-5_U30/instance_30_20_4_3.txt,d836a8343c2be620c6bb619dc689993bef40386269bb2d0dea8cbaf6c0fb7536,lex-cos,OPTIMUM,OPTIMUM,True,True,True,True,83.58433806,82.85950477,1.0087477386210788
instances/paperInstances/TXT_10-25_4-5_U30/instance_30_15_4_1.txt,d99bf3865499e2e1bfd8a0533ad957e78af08f8b1911715f1e3b209f9b6ca2f4,lex-cos,OPTIMUM,OPTIMUM,True,True,True,True,80.08127571,80.84690503,0.9905298870783501
instances/paperInstances/TXT_10-25_4-5_U40/instance_40_20_4_2.txt,de44769e74cee33d3ec1545dea64186717cd08da748ecafbf69a47dd550b30ed,lex-cos,OPTIMUM,OPTIMUM,True,True,True,True,110.6601211,118.7830831,0.9316151611154804
instances/paperInstances/TXT_10-25_4-5_U30/instance_30_25_5_3.txt,de711e9fdc068fce44517e3b622238b8979d5f15b53688aae30f64a084fe1e6a,lex-cos,OPTIMUM,OPTIMUM,True,True,True,True,111.0507216,115.0487503,0.9652492644242134
instances/paperInstances/TXT_10-25_4-5_U40/instance_40_25_5_3.txt,eec87b212b1dc7cd157a3095a3e3e042d6263a505c9a6326aeb99d555c89688c,lex-cos,OPTIMUM,OPTIMUM,True,True,True,True,164.5881092,162.2966831,1.0141187488014658
instances/paperInstances/TXT_10-25_4-5_U30/instance_30_10_4_1.txt,f7f869e3d712742822a508d5706212db8714488787cbc8d9261762829b2d4977,lex-cos,OPTIMUM,OPTIMUM,True,True,True,True,63.0965723,66.85540244,0.9437767180689189
instances/paperInstances/TXT_10-25_4-5_U30/instance_30_20_5_2.txt,f879421a3977baa179f2e8cd512259579b371e9367fa7171eba9ad769a4f6de4,lex-cos,OPTIMUM,OPTIMUM,True,True,True,True,102.8807608,104.895199,0.980795706388812
