instance_name;weighted__ORIGINAL_status;weighted__ORIGINAL_weighted_reference;weighted__ORIGINAL_stages;weighted__ORIGINAL_elapsed_s;weighted__ORIGINAL_vars;weighted__SN-both-none_status;weighted__SN-both-none_weighted_reference;weighted__SN-both-none_stages;weighted__SN-both-none_elapsed_s;weighted__SN-both-none_vars;weighted__SN-both-ss_status;weighted__SN-both-ss_weighted_reference;weighted__SN-both-ss_stages;weighted__SN-both-ss_elapsed_s;weighted__SN-both-ss_vars;weighted__SN-none-ss_status;weighted__SN-none-ss_weighted_reference;weighted__SN-none-ss_stages;weighted__SN-none-ss_elapsed_s;weighted__SN-none-ss_vars;weighted__TOT-both-none_status;weighted__TOT-both-none_weighted_reference;weighted__TOT-both-none_stages;weighted__TOT-both-none_elapsed_s;weighted__TOT-both-none_vars;weighted__TOT-both-ss_status;weighted__TOT-both-ss_weighted_reference;weighted__TOT-both-ss_stages;weighted__TOT-both-ss_elapsed_s;weighted__TOT-both-ss_vars;weighted__TOT-none-none_status;weighted__TOT-none-none_weighted_reference;weighted__TOT-none-none_stages;weighted__TOT-none-none_elapsed_s;weighted__TOT-none-none_vars;weighted__TOT-none-ss_status;weighted__TOT-none-ss_weighted_reference;weighted__TOT-none-ss_stages;weighted__TOT-none-ss_elapsed_s;weighted__TOT-none-ss_vars
instance_30_10_4_1;OPTIMUM;416.0;416;12.813;15458;OPTIMUM;416.0;416;15.715;22401;OPTIMUM;416.0;416;18.242;22407;OPTIMUM;416.0;416;12.175;15464;OPTIMUM;416.0;416;11.245;9576;OPTIMUM;416.0;416;13.846;9582;OPTIMUM;416.0;416;11.367;6161;OPTIMUM;416.0;416;12.48;6167
instance_30_10_4_10;OPTIMUM;403.0;403;12.914;17109;OPTIMUM;403.0;403;9.696;23901;OPTIMUM;403.0;403;11.223;23902;OPTIMUM;403.0;403;10.08;17515;OPTIMUM;403.0;403;9.594;9291;OPTIMUM;403.0;403;13.101;9292;OPTIMUM;403.0;403;10.681;5936;OPTIMUM;403.0;403;8.475;6342
instance_30_10_4_11;OPTIMUM;390.0;390;17.529;16332;OPTIMUM;390.0;390;17.444;22993;OPTIMUM;390.0;390;13.489;22993;OPTIMUM;390.0;390;15.514;16741;OPTIMUM;390.0;390;16.353;9038;OPTIMUM;390.0;390;16.085;9038;OPTIMUM;390.0;390;19.342;5726;OPTIMUM;390.0;390;16.792;6135
instance_30_10_4_12;OPTIMUM;387.0;387;21.276;16412;OPTIMUM;387.0;387;30.946;23897;OPTIMUM;387.0;387;27.427;23897;OPTIMUM;387.0;387;12.468;16833;OPTIMUM;387.0;387;13.709;9578;OPTIMUM;387.0;387;16.784;9578;OPTIMUM;387.0;387;16.336;6048;OPTIMUM;387.0;387;23.498;6469
instance_30_10_4_13;UNSATISFIABLE;None;;0.045;0;UNSATISFIABLE;None;;0.056;0;UNSATISFIABLE;None;;0.057;0;UNSATISFIABLE;None;;0.047;0;UNSATISFIABLE;None;;0.05;0;UNSATISFIABLE;None;;0.05;0;UNSATISFIABLE;None;;0.044;0;UNSATISFIABLE;None;;0.045;0
instance_30_10_4_14;UNSATISFIABLE;None;;0.047;0;UNSATISFIABLE;None;;0.057;0;UNSATISFIABLE;None;;0.059;0;UNSATISFIABLE;None;;0.049;0;UNSATISFIABLE;None;;0.05;0;UNSATISFIABLE;None;;0.053;0;UNSATISFIABLE;None;;0.044;0;UNSATISFIABLE;None;;0.047;0
instance_30_10_4_15;UNSATISFIABLE;None;;0.025;0;UNSATISFIABLE;None;;0.047;0;UNSATISFIABLE;None;;0.05;0;UNSATISFIABLE;None;;0.029;0;UNSATISFIABLE;None;;0.036;0;UNSATISFIABLE;None;;0.045;0;UNSATISFIABLE;None;;0.027;0;UNSATISFIABLE;None;;0.027;0
instance_30_10_4_16;OPTIMUM;431.0;431;9.104;17677;OPTIMUM;431.0;431;12.137;24538;OPTIMUM;431.0;431;15.613;24544;OPTIMUM;431.0;431;10.455;18093;OPTIMUM;431.0;431;12.387;9903;OPTIMUM;431.0;431;11.242;9909;OPTIMUM;431.0;431;13.632;6555;OPTIMUM;431.0;431;11.91;6971
instance_30_10_4_17;OPTIMUM;400.0;400;4.447;10648;OPTIMUM;400.0;400;3.918;17923;OPTIMUM;400.0;400;4.049;17932;OPTIMUM;400.0;400;3.724;11086;OPTIMUM;400.0;400;5.113;8318;OPTIMUM;400.0;400;3.438;8327;OPTIMUM;400.0;400;4.408;4770;OPTIMUM;400.0;400;2.347;5208
instance_30_10_4_18;OPTIMUM;408.0;408;5.577;11434;OPTIMUM;408.0;408;3.789;18227;OPTIMUM;408.0;408;3.788;18227;OPTIMUM;408.0;408;5.587;11434;OPTIMUM;408.0;408;6.211;8848;OPTIMUM;408.0;408;6.193;8848;OPTIMUM;408.0;408;6.726;5430;OPTIMUM;408.0;408;6.712;5430
instance_30_10_4_19;UNSATISFIABLE;None;;0.066;0;UNSATISFIABLE;None;;0.086;0;UNSATISFIABLE;None;;0.087;0;UNSATISFIABLE;None;;0.068;0;UNSATISFIABLE;None;;0.071;0;UNSATISFIABLE;None;;0.071;0;UNSATISFIABLE;None;;0.055;0;UNSATISFIABLE;None;;0.066;0
instance_30_10_4_2;UNSATISFIABLE;None;;0.075;0;UNSATISFIABLE;None;;0.095;0;UNSATISFIABLE;None;;0.097;0;UNSATISFIABLE;None;;0.078;0;UNSATISFIABLE;None;;0.068;0;UNSATISFIABLE;None;;0.069;0;UNSATISFIABLE;None;;0.066;0;UNSATISFIABLE;None;;0.066;0
instance_30_10_4_20;UNSATISFIABLE;None;;0.047;0;UNSATISFIABLE;None;;0.055;0;UNSATISFIABLE;None;;0.058;0;UNSATISFIABLE;None;;0.05;0;UNSATISFIABLE;None;;0.052;0;UNSATISFIABLE;None;;0.052;0;UNSATISFIABLE;None;;0.047;0;UNSATISFIABLE;None;;0.049;0
instance_30_10_4_21;UNSATISFIABLE;None;;0.076;0;UNSATISFIABLE;None;;0.098;0;UNSATISFIABLE;None;;0.099;0;UNSATISFIABLE;None;;0.08;0;UNSATISFIABLE;None;;0.082;0;UNSATISFIABLE;None;;0.085;0;UNSATISFIABLE;None;;0.066;0;UNSATISFIABLE;None;;0.07;0
instance_30_10_4_22;UNSATISFIABLE;None;;0.052;0;UNSATISFIABLE;None;;0.079;0;UNSATISFIABLE;None;;0.07;0;UNSATISFIABLE;None;;0.055;0;UNSATISFIABLE;None;;0.059;0;UNSATISFIABLE;None;;0.064;0;UNSATISFIABLE;None;;0.052;0;UNSATISFIABLE;None;;0.051;0
instance_30_10_4_23;OPTIMUM;379.0;379;10.054;17744;OPTIMUM;379.0;379;11.628;25135;OPTIMUM;379.0;379;11.733;25136;OPTIMUM;379.0;379;11.32;18163;OPTIMUM;379.0;379;11.395;9751;OPTIMUM;379.0;379;8.444;9752;OPTIMUM;379.0;379;5.664;6257;OPTIMUM;379.0;379;9.32;6676
instance_30_10_4_24;OPTIMUM;387.0;387;3.728;13402;OPTIMUM;387.0;387;9.229;20930;OPTIMUM;387.0;387;5.429;20933;OPTIMUM;387.0;387;3.9;13822;OPTIMUM;387.0;387;8.962;8812;OPTIMUM;387.0;387;8.548;8815;OPTIMUM;387.0;387;10.274;5370;OPTIMUM;387.0;387;5.921;5790
instance_30_10_4_25;OPTIMUM;444.0;444;15.89;17704;OPTIMUM;444.0;444;15.481;25018;OPTIMUM;444.0;444;18.109;25021;OPTIMUM;444.0;444;15.137;18132;OPTIMUM;444.0;444;14.113;10405;OPTIMUM;444.0;444;14.418;10408;OPTIMUM;444.0;444;17.833;6809;OPTIMUM;444.0;444;17.364;7237
instance_30_10_4_26;UNSATISFIABLE;None;;0.079;0;UNSATISFIABLE;None;;0.107;0;UNSATISFIABLE;None;;0.108;0;UNSATISFIABLE;None;;0.082;0;UNSATISFIABLE;None;;0.091;0;UNSATISFIABLE;None;;0.093;0;UNSATISFIABLE;None;;0.069;0;UNSATISFIABLE;None;;0.07;0
instance_30_10_4_27;OPTIMUM;390.0;390;17.956;13839;OPTIMUM;390.0;390;19.626;20862;OPTIMUM;390.0;390;19.399;20867;OPTIMUM;390.0;390;16.531;14266;OPTIMUM;390.0;390;15.307;8639;OPTIMUM;390.0;390;15.413;8644;OPTIMUM;390.0;390;13.123;5189;OPTIMUM;390.0;390;14.977;5616
instance_30_10_4_28;UNSATISFIABLE;None;;0.028;0;UNSATISFIABLE;None;;0.049;0;UNSATISFIABLE;None;;0.048;0;UNSATISFIABLE;None;;0.04;0;UNSATISFIABLE;None;;0.034;0;UNSATISFIABLE;None;;0.034;0;UNSATISFIABLE;None;;0.027;0;UNSATISFIABLE;None;;0.03;0
instance_30_10_4_29;UNSATISFIABLE;None;;0.049;0;UNSATISFIABLE;None;;0.064;0;UNSATISFIABLE;None;;0.063;0;UNSATISFIABLE;None;;0.052;0;UNSATISFIABLE;None;;0.055;0;UNSATISFIABLE;None;;0.055;0;UNSATISFIABLE;None;;0.049;0;UNSATISFIABLE;None;;0.05;0
instance_30_10_4_3;UNSATISFIABLE;None;;0.049;0;UNSATISFIABLE;None;;0.066;0;UNSATISFIABLE;None;;0.077;0;UNSATISFIABLE;None;;0.052;0;UNSATISFIABLE;None;;0.053;0;UNSATISFIABLE;None;;0.053;0;UNSATISFIABLE;None;;0.049;0;UNSATISFIABLE;None;;0.051;0
instance_30_10_4_30;OPTIMUM;396.0;396;20.866;18708;OPTIMUM;396.0;396;17.108;25475;OPTIMUM;396.0;396;16.367;25475;OPTIMUM;396.0;396;25.786;19120;OPTIMUM;396.0;396;17.45;9751;OPTIMUM;396.0;396;18.795;9751;OPTIMUM;396.0;396;14.831;6420;OPTIMUM;396.0;396;17.935;6832
instance_30_10_4_31;OPTIMUM;372.0;372;9.942;14443;OPTIMUM;372.0;372;9.336;22300;OPTIMUM;372.0;372;7.124;22312;OPTIMUM;372.0;372;7.812;14893;OPTIMUM;372.0;372;7.643;9183;OPTIMUM;372.0;372;10.631;9195;OPTIMUM;372.0;372;7.362;5510;OPTIMUM;372.0;372;9.02;5960
instance_30_10_4_32;OPTIMUM;423.0;423;14.502;15717;OPTIMUM;423.0;423;9.493;22795;OPTIMUM;423.0;423;12.886;22811;OPTIMUM;423.0;423;10.906;15733;OPTIMUM;423.0;423;8.595;9509;OPTIMUM;423.0;423;9.097;9525;OPTIMUM;423.0;423;10.932;6090;OPTIMUM;423.0;423;10.914;6106
instance_30_10_4_33;OPTIMUM;434.0;434;14.385;14662;OPTIMUM;434.0;434;14.488;22909;OPTIMUM;434.0;434;28.441;22909;OPTIMUM;434.0;434;10.877;15103;OPTIMUM;434.0;434;14.531;9905;OPTIMUM;434.0;434;19.304;9905;OPTIMUM;434.0;434;20.135;6159;OPTIMUM;434.0;434;21.386;6600
instance_30_10_4_34;UNSATISFIABLE;None;;0.05;0;UNSATISFIABLE;None;;0.065;0;UNSATISFIABLE;None;;0.077;0;UNSATISFIABLE;None;;0.054;0;UNSATISFIABLE;None;;0.063;0;UNSATISFIABLE;None;;0.063;0;UNSATISFIABLE;None;;0.051;0;UNSATISFIABLE;None;;0.052;0
instance_30_10_4_35;UNSATISFIABLE;None;;0.045;0;UNSATISFIABLE;None;;0.057;0;UNSATISFIABLE;None;;0.067;0;UNSATISFIABLE;None;;0.049;0;UNSATISFIABLE;None;;0.052;0;UNSATISFIABLE;None;;0.05;0;UNSATISFIABLE;None;;0.044;0;UNSATISFIABLE;None;;0.044;0
instance_30_10_4_36;OPTIMUM;401.0;401;26.314;17953;OPTIMUM;401.0;401;26.413;24128;OPTIMUM;401.0;401;24.073;24139;OPTIMUM;401.0;401;27.808;18345;OPTIMUM;401.0;401;24.45;9912;OPTIMUM;401.0;401;20.417;9923;OPTIMUM;401.0;401;26.126;6893;OPTIMUM;401.0;401;22.1;7285
instance_30_10_4_37;OPTIMUM;440.0;440;10.613;15129;OPTIMUM;440.0;440;19.876;22366;OPTIMUM;440.0;440;14.092;22366;OPTIMUM;440.0;440;17.465;15550;OPTIMUM;440.0;440;16.264;9813;OPTIMUM;440.0;440;11.348;9813;OPTIMUM;440.0;440;10.475;6318;OPTIMUM;440.0;440;13.57;6739
instance_30_10_4_38;UNSATISFIABLE;None;;0.05;0;UNSATISFIABLE;None;;0.079;0;UNSATISFIABLE;None;;0.068;0;UNSATISFIABLE;None;;0.054;0;UNSATISFIABLE;None;;0.062;0;UNSATISFIABLE;None;;0.061;0;UNSATISFIABLE;None;;0.051;0;UNSATISFIABLE;None;;0.053;0
instance_30_10_4_39;UNSATISFIABLE;None;;0.046;0;UNSATISFIABLE;None;;0.066;0;UNSATISFIABLE;None;;0.066;0;UNSATISFIABLE;None;;0.049;0;UNSATISFIABLE;None;;0.054;0;UNSATISFIABLE;None;;0.055;0;UNSATISFIABLE;None;;0.046;0;UNSATISFIABLE;None;;0.048;0
instance_30_10_4_4;OPTIMUM;427.0;427;8.996;14595;OPTIMUM;427.0;427;11.429;21770;OPTIMUM;427.0;427;11.923;21790;OPTIMUM;427.0;427;8.038;15032;OPTIMUM;427.0;427;11.163;9388;OPTIMUM;427.0;427;6.202;9408;OPTIMUM;427.0;427;6.546;5914;OPTIMUM;427.0;427;5.521;6351
instance_30_10_4_40;UNSATISFIABLE;None;;0.058;0;UNSATISFIABLE;None;;0.094;0;UNSATISFIABLE;None;;0.085;0;UNSATISFIABLE;None;;0.062;0;UNSATISFIABLE;None;;0.069;0;UNSATISFIABLE;None;;0.069;0;UNSATISFIABLE;None;;0.058;0;UNSATISFIABLE;None;;0.05;0
instance_30_10_4_41;OPTIMUM;350.0;350;8.794;8502;OPTIMUM;350.0;350;9.904;15610;OPTIMUM;350.0;350;9.008;15634;OPTIMUM;350.0;350;7.979;8928;OPTIMUM;350.0;350;9.144;7617;OPTIMUM;350.0;350;7.492;7641;OPTIMUM;350.0;350;9.467;4270;OPTIMUM;350.0;350;7.174;4696
instance_30_10_4_42;UNSATISFIABLE;None;;0.048;0;UNSATISFIABLE;None;;0.067;0;UNSATISFIABLE;None;;0.066;0;UNSATISFIABLE;None;;0.052;0;UNSATISFIABLE;None;;0.065;0;UNSATISFIABLE;None;;0.063;0;UNSATISFIABLE;None;;0.049;0;UNSATISFIABLE;None;;0.051;0
instance_30_10_4_43;OPTIMUM;412.0;412;21.576;18422;OPTIMUM;412.0;412;15.608;24965;OPTIMUM;412.0;412;19.538;24971;OPTIMUM;412.0;412;19.921;18822;OPTIMUM;412.0;412;18.218;9509;OPTIMUM;412.0;412;18.015;9515;OPTIMUM;412.0;412;16.818;6319;OPTIMUM;412.0;412;10.852;6719
instance_30_10_4_44;UNSATISFIABLE;None;;0.088;0;UNSATISFIABLE;None;;0.128;0;UNSATISFIABLE;None;;0.116;0;UNSATISFIABLE;None;;0.081;0;UNSATISFIABLE;None;;0.085;0;UNSATISFIABLE;None;;0.084;0;UNSATISFIABLE;None;;0.068;0;UNSATISFIABLE;None;;0.068;0
instance_30_10_4_45;OPTIMUM;365.0;365;5.437;14403;OPTIMUM;365.0;365;2.602;21803;OPTIMUM;365.0;365;5.802;21811;OPTIMUM;365.0;365;2.372;14833;OPTIMUM;365.0;365;7.186;9031;OPTIMUM;365.0;365;6.274;9039;OPTIMUM;365.0;365;7.724;5480;OPTIMUM;365.0;365;6.027;5910
instance_30_10_4_46;UNSATISFIABLE;None;;0.027;0;UNSATISFIABLE;None;;0.051;0;UNSATISFIABLE;None;;0.051;0;UNSATISFIABLE;None;;0.04;0;UNSATISFIABLE;None;;0.048;0;UNSATISFIABLE;None;;0.047;0;UNSATISFIABLE;None;;0.027;0;UNSATISFIABLE;None;;0.028;0
instance_30_10_4_47;OPTIMUM;395.0;395;13.515;11712;OPTIMUM;395.0;395;10.336;18969;OPTIMUM;395.0;395;9.715;18986;OPTIMUM;395.0;395;10.054;12154;OPTIMUM;395.0;395;10.896;8528;OPTIMUM;395.0;395;7.168;8545;OPTIMUM;395.0;395;8.892;4993;OPTIMUM;395.0;395;5.337;5435
instance_30_10_4_48;OPTIMUM;375.0;375;6.26;10175;OPTIMUM;375.0;375;6.651;17133;OPTIMUM;375.0;375;6.56;17133;OPTIMUM;375.0;375;5.434;10589;OPTIMUM;375.0;375;7.231;7845;OPTIMUM;375.0;375;8.279;7845;OPTIMUM;375.0;375;5.213;4368;OPTIMUM;375.0;375;5.231;4782
instance_30_10_4_49;UNSATISFIABLE;None;;0.086;0;UNSATISFIABLE;None;;0.11;0;UNSATISFIABLE;None;;0.109;0;UNSATISFIABLE;None;;0.089;0;UNSATISFIABLE;None;;0.091;0;UNSATISFIABLE;None;;0.092;0;UNSATISFIABLE;None;;0.08;0;UNSATISFIABLE;None;;0.079;0
instance_30_10_4_5;OPTIMUM;418.0;418;17.196;13334;OPTIMUM;418.0;418;19.774;19570;OPTIMUM;418.0;418;13.766;19574;OPTIMUM;418.0;418;12.645;13721;OPTIMUM;418.0;418;18.151;8660;OPTIMUM;418.0;418;17.321;8664;OPTIMUM;418.0;418;18.901;5528;OPTIMUM;418.0;418;12.872;5915
instance_30_10_4_50;UNSATISFIABLE;None;;0.051;0;UNSATISFIABLE;None;;0.068;0;UNSATISFIABLE;None;;0.078;0;UNSATISFIABLE;None;;0.052;0;UNSATISFIABLE;None;;0.061;0;UNSATISFIABLE;None;;0.061;0;UNSATISFIABLE;None;;0.051;0;UNSATISFIABLE;None;;0.051;0
instance_30_10_4_6;OPTIMUM;388.0;388;10.277;15363;OPTIMUM;388.0;388;9.679;22694;OPTIMUM;388.0;388;9.593;22694;OPTIMUM;388.0;388;10.422;15363;OPTIMUM;388.0;388;7.94;9659;OPTIMUM;388.0;388;7.822;9659;OPTIMUM;388.0;388;6.792;6119;OPTIMUM;388.0;388;7.587;6119
instance_30_10_4_7;UNSATISFIABLE;None;;0.051;0;UNSATISFIABLE;None;;0.065;0;UNSATISFIABLE;None;;0.066;0;UNSATISFIABLE;None;;0.052;0;UNSATISFIABLE;None;;0.054;0;UNSATISFIABLE;None;;0.053;0;UNSATISFIABLE;None;;0.05;0;UNSATISFIABLE;None;;0.048;0
instance_30_10_4_8;OPTIMUM;414.0;414;25.887;15326;OPTIMUM;414.0;414;26.608;22161;OPTIMUM;414.0;414;24.736;22170;OPTIMUM;414.0;414;22.592;15738;OPTIMUM;414.0;414;18.265;9114;OPTIMUM;414.0;414;22.578;9123;OPTIMUM;414.0;414;20.101;5743;OPTIMUM;414.0;414;21.646;6155
instance_30_10_4_9;UNSATISFIABLE;None;;0.05;0;UNSATISFIABLE;None;;0.076;0;UNSATISFIABLE;None;;0.067;0;UNSATISFIABLE;None;;0.053;0;UNSATISFIABLE;None;;0.053;0;UNSATISFIABLE;None;;0.053;0;UNSATISFIABLE;None;;0.048;0;UNSATISFIABLE;None;;0.051;0
instance_40_10_5_1;UNSATISFIABLE;None;;0.23;0;UNSATISFIABLE;None;;0.253;0;UNSATISFIABLE;None;;0.254;0;UNSATISFIABLE;None;;0.205;0;UNSATISFIABLE;None;;0.202;0;UNSATISFIABLE;None;;0.204;0;UNSATISFIABLE;None;;0.168;0;UNSATISFIABLE;None;;0.169;0
instance_40_10_5_10;UNSATISFIABLE;None;;0.086;0;UNSATISFIABLE;None;;0.12;0;UNSATISFIABLE;None;;0.117;0;UNSATISFIABLE;None;;0.079;0;UNSATISFIABLE;None;;0.12;0;UNSATISFIABLE;None;;0.121;0;UNSATISFIABLE;None;;0.083;0;UNSATISFIABLE;None;;0.084;0
instance_40_10_5_11;TIMEOUT;None;;300.108;0;OPTIMUM;609.0;609;211.591;43236;OPTIMUM;609.0;609;131.331;43250;OPTIMUM;609.0;609;116.529;27988;OPTIMUM;609.0;609;168.503;16088;OPTIMUM;609.0;609;174.938;16102;OPTIMUM;609.0;609;121.209;9293;OPTIMUM;609.0;609;121.919;9307
instance_40_10_5_12;TIMEOUT;None;;300.116;0;TIMEOUT;None;;300.114;0;TIMEOUT;None;;300.112;0;TIMEOUT;None;;300.109;0;TIMEOUT;None;;300.117;0;TIMEOUT;None;;300.118;0;TIMEOUT;None;;300.11;0;TIMEOUT;None;;300.119;0
instance_40_10_5_13;UNSATISFIABLE;None;;0.093;0;UNSATISFIABLE;None;;0.122;0;UNSATISFIABLE;None;;0.121;0;UNSATISFIABLE;None;;0.093;0;UNSATISFIABLE;None;;0.133;0;UNSATISFIABLE;None;;0.136;0;UNSATISFIABLE;None;;0.12;0;UNSATISFIABLE;None;;0.126;0
instance_40_10_5_14;OPTIMUM;663.0;663;52.254;31198;OPTIMUM;663.0;663;65.925;45519;OPTIMUM;663.0;663;63.357;45520;OPTIMUM;663.0;663;47.957;31890;OPTIMUM;663.0;663;47.392;17110;OPTIMUM;663.0;663;47.249;17111;OPTIMUM;663.0;663;52.679;10725;OPTIMUM;663.0;663;51.605;11417
instance_40_10_5_15;UNSATISFIABLE;None;;0.084;0;UNSATISFIABLE;None;;0.116;0;UNSATISFIABLE;None;;0.114;0;UNSATISFIABLE;None;;0.081;0;UNSATISFIABLE;None;;0.123;0;UNSATISFIABLE;None;;0.113;0;UNSATISFIABLE;None;;0.088;0;UNSATISFIABLE;None;;0.111;0
instance_40_10_5_16;UNSATISFIABLE;None;;0.219;0;UNSATISFIABLE;None;;0.243;0;UNSATISFIABLE;None;;0.248;0;UNSATISFIABLE;None;;0.202;0;UNSATISFIABLE;None;;0.198;0;UNSATISFIABLE;None;;0.198;0;UNSATISFIABLE;None;;0.162;0;UNSATISFIABLE;None;;0.165;0
instance_40_10_5_17;OPTIMUM;706.0;706;26.726;29295;OPTIMUM;706.0;706;22.351;43642;OPTIMUM;706.0;706;23.131;43658;OPTIMUM;706.0;706;27.214;29311;OPTIMUM;706.0;706;35.209;16737;OPTIMUM;706.0;706;30.254;16753;OPTIMUM;706.0;706;40.66;10517;OPTIMUM;706.0;706;29.79;10533
instance_40_10_5_18;UNSATISFIABLE;None;;0.104;0;UNSATISFIABLE;None;;0.125;0;UNSATISFIABLE;None;;0.122;0;UNSATISFIABLE;None;;0.097;0;UNSATISFIABLE;None;;0.126;0;UNSATISFIABLE;None;;0.124;0;UNSATISFIABLE;None;;0.103;0;UNSATISFIABLE;None;;0.107;0
instance_40_10_5_19;TIMEOUT;None;;300.115;0;OPTIMUM;675.0;675;254.138;45915;OPTIMUM;675.0;675;295.054;45915;TIMEOUT;None;;300.115;0;OPTIMUM;675.0;675;283.938;17728;TIMEOUT;None;;300.117;0;TIMEOUT;None;;300.117;0;TIMEOUT;None;;300.118;0
instance_40_10_5_2;OPTIMUM;704.0;704;68.567;32208;OPTIMUM;704.0;704;70.653;47835;OPTIMUM;704.0;704;72.691;47836;OPTIMUM;704.0;704;69.714;32918;OPTIMUM;704.0;704;84.204;17451;OPTIMUM;704.0;704;74.336;17452;OPTIMUM;704.0;704;69.708;10795;OPTIMUM;704.0;704;98.868;11505
instance_40_10_5_20;UNSATISFIABLE;None;;0.055;0;UNSATISFIABLE;None;;0.099;0;UNSATISFIABLE;None;;0.085;0;UNSATISFIABLE;None;;0.061;0;UNSATISFIABLE;None;;0.083;0;UNSATISFIABLE;None;;0.083;0;UNSATISFIABLE;None;;0.058;0;UNSATISFIABLE;None;;0.061;0
instance_40_10_5_21;UNSATISFIABLE;None;;0.078;0;UNSATISFIABLE;None;;0.125;0;UNSATISFIABLE;None;;0.119;0;UNSATISFIABLE;None;;0.095;0;UNSATISFIABLE;None;;0.103;0;UNSATISFIABLE;None;;0.103;0;UNSATISFIABLE;None;;0.084;0;UNSATISFIABLE;None;;0.084;0
instance_40_10_5_22;TIMEOUT;None;;300.112;0;TIMEOUT;None;;300.123;0;TIMEOUT;None;;300.122;0;TIMEOUT;None;;300.118;0;TIMEOUT;None;;300.119;0;TIMEOUT;None;;300.119;0;TIMEOUT;None;;300.111;0;TIMEOUT;None;;300.12;0
instance_40_10_5_23;UNSATISFIABLE;None;;0.076;0;UNSATISFIABLE;None;;0.101;0;UNSATISFIABLE;None;;0.092;0;UNSATISFIABLE;None;;0.079;0;UNSATISFIABLE;None;;0.115;0;UNSATISFIABLE;None;;0.113;0;UNSATISFIABLE;None;;0.079;0;UNSATISFIABLE;None;;0.082;0
instance_40_10_5_24;UNSATISFIABLE;None;;0.177;0;UNSATISFIABLE;None;;0.24;0;UNSATISFIABLE;None;;0.235;0;UNSATISFIABLE;None;;0.177;0;UNSATISFIABLE;None;;0.179;0;UNSATISFIABLE;None;;0.185;0;UNSATISFIABLE;None;;0.141;0;UNSATISFIABLE;None;;0.139;0
instance_40_10_5_25;UNSATISFIABLE;None;;0.074;0;UNSATISFIABLE;None;;0.088;0;UNSATISFIABLE;None;;0.085;0;UNSATISFIABLE;None;;0.074;0;UNSATISFIABLE;None;;0.081;0;UNSATISFIABLE;None;;0.082;0;UNSATISFIABLE;None;;0.063;0;UNSATISFIABLE;None;;0.076;0
instance_40_10_5_26;UNSATISFIABLE;None;;0.248;0;UNSATISFIABLE;None;;0.303;0;UNSATISFIABLE;None;;0.285;0;UNSATISFIABLE;None;;0.232;0;UNSATISFIABLE;None;;0.246;0;UNSATISFIABLE;None;;0.236;0;UNSATISFIABLE;None;;0.211;0;UNSATISFIABLE;None;;0.209;0
instance_40_10_5_27;UNSATISFIABLE;None;;0.111;0;UNSATISFIABLE;None;;0.138;0;UNSATISFIABLE;None;;0.13;0;UNSATISFIABLE;None;;0.115;0;UNSATISFIABLE;None;;0.146;0;UNSATISFIABLE;None;;0.131;0;UNSATISFIABLE;None;;0.123;0;UNSATISFIABLE;None;;0.127;0
instance_40_10_5_28;TIMEOUT;None;;300.117;0;TIMEOUT;None;;300.118;0;TIMEOUT;None;;300.121;0;TIMEOUT;None;;300.115;0;TIMEOUT;None;;300.123;0;TIMEOUT;None;;300.124;0;TIMEOUT;None;;300.117;0;TIMEOUT;None;;300.122;0
instance_40_10_5_29;OPTIMUM;698.0;698;43.269;28298;OPTIMUM;698.0;698;33.812;43009;OPTIMUM;698.0;698;40.432;43013;OPTIMUM;698.0;698;44.987;29010;OPTIMUM;698.0;698;28.496;17510;OPTIMUM;698.0;698;38.0;17514;OPTIMUM;698.0;698;31.347;11098;OPTIMUM;698.0;698;47.156;11810
instance_40_10_5_3;UNSATISFIABLE;None;;0.231;0;UNSATISFIABLE;None;;0.522;0;UNSATISFIABLE;None;;0.524;0;UNSATISFIABLE;None;;0.231;0;UNSATISFIABLE;None;;0.222;0;UNSATISFIABLE;None;;0.223;0;UNSATISFIABLE;None;;0.17;0;UNSATISFIABLE;None;;0.172;0
instance_40_10_5_30;UNSATISFIABLE;None;;0.064;0;UNSATISFIABLE;None;;0.084;0;UNSATISFIABLE;None;;0.101;0;UNSATISFIABLE;None;;0.063;0;UNSATISFIABLE;None;;0.081;0;UNSATISFIABLE;None;;0.084;0;UNSATISFIABLE;None;;0.075;0;UNSATISFIABLE;None;;0.06;0
instance_40_10_5_31;UNSATISFIABLE;None;;0.072;0;UNSATISFIABLE;None;;0.099;0;UNSATISFIABLE;None;;0.099;0;UNSATISFIABLE;None;;0.081;0;UNSATISFIABLE;None;;0.115;0;UNSATISFIABLE;None;;0.093;0;UNSATISFIABLE;None;;0.085;0;UNSATISFIABLE;None;;0.089;0
instance_40_10_5_32;OPTIMUM;699.0;699;30.289;25940;OPTIMUM;699.0;699;42.324;41316;OPTIMUM;699.0;699;57.707;41316;OPTIMUM;699.0;699;31.604;25940;OPTIMUM;699.0;699;38.653;17254;OPTIMUM;699.0;699;35.933;17254;OPTIMUM;699.0;699;44.855;10594;OPTIMUM;699.0;699;33.651;10594
instance_40_10_5_33;UNSATISFIABLE;None;;0.095;0;UNSATISFIABLE;None;;0.124;0;UNSATISFIABLE;None;;0.131;0;UNSATISFIABLE;None;;0.084;0;UNSATISFIABLE;None;;0.118;0;UNSATISFIABLE;None;;0.112;0;UNSATISFIABLE;None;;0.087;0;UNSATISFIABLE;None;;0.1;0
instance_40_10_5_34;UNSATISFIABLE;None;;1.171;0;UNSATISFIABLE;None;;1.225;0;UNSATISFIABLE;None;;0.935;0;UNSATISFIABLE;None;;1.388;0;UNSATISFIABLE;None;;1.418;0;UNSATISFIABLE;None;;3.645;0;UNSATISFIABLE;None;;2.339;0;UNSATISFIABLE;None;;1.144;0
instance_40_10_5_35;UNSATISFIABLE;None;;0.076;0;UNSATISFIABLE;None;;0.092;0;UNSATISFIABLE;None;;0.1;0;UNSATISFIABLE;None;;0.08;0;UNSATISFIABLE;None;;0.087;0;UNSATISFIABLE;None;;0.087;0;UNSATISFIABLE;None;;0.078;0;UNSATISFIABLE;None;;0.078;0
instance_40_10_5_36;UNSATISFIABLE;None;;0.23;0;UNSATISFIABLE;None;;0.274;0;UNSATISFIABLE;None;;0.292;0;UNSATISFIABLE;None;;0.244;0;UNSATISFIABLE;None;;0.23;0;UNSATISFIABLE;None;;0.226;0;UNSATISFIABLE;None;;0.198;0;UNSATISFIABLE;None;;0.209;0
instance_40_10_5_37;UNSATISFIABLE;None;;0.076;0;UNSATISFIABLE;None;;0.091;0;UNSATISFIABLE;None;;0.104;0;UNSATISFIABLE;None;;0.079;0;UNSATISFIABLE;None;;0.088;0;UNSATISFIABLE;None;;0.09;0;UNSATISFIABLE;None;;0.076;0;UNSATISFIABLE;None;;0.08;0
instance_40_10_5_38;UNSATISFIABLE;None;;0.062;0;UNSATISFIABLE;None;;0.103;0;UNSATISFIABLE;None;;0.103;0;UNSATISFIABLE;None;;0.075;0;UNSATISFIABLE;None;;0.085;0;UNSATISFIABLE;None;;0.086;0;UNSATISFIABLE;None;;0.065;0;UNSATISFIABLE;None;;0.077;0
instance_40_10_5_39;OPTIMUM;691.0;691;91.134;27823;OPTIMUM;691.0;691;78.286;41692;OPTIMUM;691.0;691;85.587;41692;OPTIMUM;691.0;691;90.541;28499;OPTIMUM;691.0;691;88.023;16026;OPTIMUM;691.0;691;89.46;16026;OPTIMUM;691.0;691;72.355;9847;OPTIMUM;691.0;691;91.209;10523
instance_40_10_5_4;UNSATISFIABLE;None;;0.072;0;UNSATISFIABLE;None;;0.089;0;UNSATISFIABLE;None;;0.095;0;UNSATISFIABLE;None;;0.074;0;UNSATISFIABLE;None;;0.091;0;UNSATISFIABLE;None;;0.088;0;UNSATISFIABLE;None;;0.065;0;UNSATISFIABLE;None;;0.078;0
instance_40_10_5_40;UNSATISFIABLE;None;;0.073;0;UNSATISFIABLE;None;;0.105;0;UNSATISFIABLE;None;;0.11;0;UNSATISFIABLE;None;;0.108;0;UNSATISFIABLE;None;;0.109;0;UNSATISFIABLE;None;;0.11;0;UNSATISFIABLE;None;;0.079;0;UNSATISFIABLE;None;;0.082;0
instance_40_10_5_41;UNSATISFIABLE;None;;0.493;0;UNSATISFIABLE;None;;0.698;0;UNSATISFIABLE;None;;0.743;0;UNSATISFIABLE;None;;0.677;0;UNSATISFIABLE;None;;0.662;0;UNSATISFIABLE;None;;0.656;0;UNSATISFIABLE;None;;0.496;0;UNSATISFIABLE;None;;0.53;0
instance_40_10_5_42;UNSATISFIABLE;None;;0.072;0;UNSATISFIABLE;None;;0.084;0;UNSATISFIABLE;None;;0.09;0;UNSATISFIABLE;None;;0.063;0;UNSATISFIABLE;None;;0.081;0;UNSATISFIABLE;None;;0.082;0;UNSATISFIABLE;None;;0.06;0;UNSATISFIABLE;None;;0.075;0
instance_40_10_5_43;UNSATISFIABLE;None;;0.074;0;UNSATISFIABLE;None;;0.089;0;UNSATISFIABLE;None;;0.102;0;UNSATISFIABLE;None;;0.076;0;UNSATISFIABLE;None;;0.087;0;UNSATISFIABLE;None;;0.09;0;UNSATISFIABLE;None;;0.075;0;UNSATISFIABLE;None;;0.078;0
instance_40_10_5_44;OPTIMUM;634.0;634;31.102;28382;OPTIMUM;634.0;634;68.638;42988;OPTIMUM;634.0;634;36.548;42998;OPTIMUM;634.0;634;51.187;29102;OPTIMUM;634.0;634;46.775;15740;OPTIMUM;634.0;634;38.069;15750;OPTIMUM;634.0;634;27.093;9165;OPTIMUM;634.0;634;28.525;9885
instance_40_10_5_45;TIMEOUT;None;;300.115;0;TIMEOUT;None;;300.113;0;TIMEOUT;None;;300.12;0;TIMEOUT;None;;300.109;0;TIMEOUT;None;;300.117;0;TIMEOUT;None;;300.122;0;TIMEOUT;None;;300.113;0;TIMEOUT;None;;300.121;0
instance_40_10_5_46;UNSATISFIABLE;None;;0.08;0;UNSATISFIABLE;None;;0.09;0;UNSATISFIABLE;None;;0.088;0;UNSATISFIABLE;None;;0.08;0;UNSATISFIABLE;None;;0.115;0;UNSATISFIABLE;None;;0.104;0;UNSATISFIABLE;None;;0.084;0;UNSATISFIABLE;None;;0.083;0
instance_40_10_5_47;UNSATISFIABLE;None;;0.079;0;UNSATISFIABLE;None;;0.12;0;UNSATISFIABLE;None;;0.119;0;UNSATISFIABLE;None;;0.094;0;UNSATISFIABLE;None;;0.108;0;UNSATISFIABLE;None;;0.113;0;UNSATISFIABLE;None;;0.082;0;UNSATISFIABLE;None;;0.085;0
instance_40_10_5_48;UNSATISFIABLE;None;;0.124;0;UNSATISFIABLE;None;;0.17;0;UNSATISFIABLE;None;;0.173;0;UNSATISFIABLE;None;;0.137;0;UNSATISFIABLE;None;;0.155;0;UNSATISFIABLE;None;;0.157;0;UNSATISFIABLE;None;;0.119;0;UNSATISFIABLE;None;;0.123;0
instance_40_10_5_49;TIMEOUT;None;;300.117;0;TIMEOUT;None;;300.113;0;TIMEOUT;None;;300.12;0;TIMEOUT;None;;300.113;0;TIMEOUT;None;;300.119;0;OPTIMUM;710.0;710;233.863;18633;OPTIMUM;710.0;710;169.936;12087;OPTIMUM;710.0;710;151.88;12815
instance_40_10_5_5;TIMEOUT;None;;300.109;0;TIMEOUT;None;;300.117;0;TIMEOUT;None;;300.12;0;TIMEOUT;None;;300.113;0;TIMEOUT;None;;300.114;0;TIMEOUT;None;;300.119;0;TIMEOUT;None;;300.113;0;TIMEOUT;None;;300.113;0
instance_40_10_5_50;UNSATISFIABLE;None;;0.08;0;UNSATISFIABLE;None;;0.104;0;UNSATISFIABLE;None;;0.101;0;UNSATISFIABLE;None;;0.081;0;UNSATISFIABLE;None;;0.106;0;UNSATISFIABLE;None;;0.117;0;UNSATISFIABLE;None;;0.083;0;UNSATISFIABLE;None;;0.089;0
instance_40_10_5_6;TIMEOUT;None;;300.119;0;TIMEOUT;None;;300.124;0;TIMEOUT;None;;300.118;0;TIMEOUT;None;;300.118;0;TIMEOUT;None;;300.128;0;TIMEOUT;None;;300.122;0;TIMEOUT;None;;300.12;0;TIMEOUT;None;;300.118;0
instance_40_10_5_7;OPTIMUM;695.0;695;63.078;31614;OPTIMUM;695.0;695;64.497;45769;OPTIMUM;695.0;695;59.602;45769;OPTIMUM;695.0;695;61.896;31614;OPTIMUM;695.0;695;49.019;17471;OPTIMUM;695.0;695;49.712;17471;OPTIMUM;695.0;695;52.045;11140;OPTIMUM;695.0;695;48.848;11140
instance_40_10_5_8;UNSATISFIABLE;None;;0.076;0;UNSATISFIABLE;None;;0.104;0;UNSATISFIABLE;None;;0.099;0;UNSATISFIABLE;None;;0.076;0;UNSATISFIABLE;None;;0.108;0;UNSATISFIABLE;None;;0.116;0;UNSATISFIABLE;None;;0.081;0;UNSATISFIABLE;None;;0.081;0
instance_40_10_5_9;UNSATISFIABLE;None;;0.156;0;UNSATISFIABLE;None;;0.206;0;UNSATISFIABLE;None;;0.205;0;UNSATISFIABLE;None;;0.155;0;UNSATISFIABLE;None;;0.136;0;UNSATISFIABLE;None;;0.135;0;UNSATISFIABLE;None;;0.11;0;UNSATISFIABLE;None;;0.115;0
instance_40_15_5_1;OPTIMUM;751.0;751;207.799;46303;OPTIMUM;751.0;751;136.433;60212;OPTIMUM;751.0;751;174.176;60259;OPTIMUM;751.0;751;270.647;46350;OPTIMUM;751.0;751;140.763;22623;OPTIMUM;751.0;751;135.109;22670;OPTIMUM;751.0;751;106.372;16340;OPTIMUM;751.0;751;134.471;16387
instance_40_15_5_10;OPTIMUM;724.0;724;34.967;41877;OPTIMUM;724.0;724;36.853;56059;OPTIMUM;724.0;724;47.118;56075;OPTIMUM;724.0;724;26.628;42592;OPTIMUM;724.0;724;36.473;20761;OPTIMUM;724.0;724;23.562;20777;OPTIMUM;724.0;724;20.541;14491;OPTIMUM;724.0;724;29.898;15206
instance_40_15_5_11;OPTIMUM;695.0;695;59.184;45263;OPTIMUM;695.0;695;50.178;60834;OPTIMUM;695.0;695;126.288;60858;OPTIMUM;695.0;695;47.9;45287;OPTIMUM;695.0;695;73.936;21217;OPTIMUM;695.0;695;61.727;21241;OPTIMUM;695.0;695;56.816;14618;OPTIMUM;695.0;695;48.315;14642
instance_40_15_5_12;OPTIMUM;773.0;773;31.228;46725;OPTIMUM;773.0;773;68.935;61264;OPTIMUM;773.0;773;60.855;61272;OPTIMUM;773.0;773;98.281;47422;OPTIMUM;773.0;773;86.621;22404;OPTIMUM;773.0;773;34.293;22412;OPTIMUM;773.0;773;23.468;16182;OPTIMUM;773.0;773;72.231;16879
instance_40_15_5_13;UNSATISFIABLE;None;;0.488;0;UNSATISFIABLE;None;;0.578;0;UNSATISFIABLE;None;;0.625;0;UNSATISFIABLE;None;;0.529;0;UNSATISFIABLE;None;;0.498;0;UNSATISFIABLE;None;;0.323;0;UNSATISFIABLE;None;;0.395;0;UNSATISFIABLE;None;;0.304;0
instance_40_15_5_14;OPTIMUM;711.0;711;61.968;47141;OPTIMUM;711.0;711;59.211;62857;OPTIMUM;711.0;711;72.309;62858;OPTIMUM;711.0;711;73.769;47859;OPTIMUM;711.0;711;55.715;21852;OPTIMUM;711.0;711;65.308;21853;OPTIMUM;711.0;711;55.13;15285;OPTIMUM;711.0;711;67.647;16003
instance_40_15_5_15;OPTIMUM;736.0;736;46.055;53670;OPTIMUM;736.0;736;46.208;68081;OPTIMUM;736.0;736;61.571;68090;OPTIMUM;736.0;736;54.623;54369;OPTIMUM;736.0;736;47.426;23104;OPTIMUM;736.0;736;50.881;23113;OPTIMUM;736.0;736;44.397;16775;OPTIMUM;736.0;736;53.467;17474
instance_40_15_5_16;TIMEOUT;None;;300.116;0;TIMEOUT;None;;300.117;0;TIMEOUT;None;;300.12;0;TIMEOUT;None;;300.117;0;TIMEOUT;None;;300.125;0;TIMEOUT;None;;300.125;0;TIMEOUT;None;;300.124;0;TIMEOUT;None;;300.13;0
instance_40_15_5_17;TIMEOUT;None;;300.113;0;TIMEOUT;None;;300.119;0;TIMEOUT;None;;300.117;0;TIMEOUT;None;;300.113;0;TIMEOUT;None;;300.124;0;TIMEOUT;None;;300.115;0;TIMEOUT;None;;300.118;0;TIMEOUT;None;;300.119;0
instance_40_15_5_18;OPTIMUM;685.0;685;44.24;37352;OPTIMUM;685.0;685;75.202;52237;OPTIMUM;685.0;685;48.798;52250;OPTIMUM;685.0;685;69.308;37365;OPTIMUM;685.0;685;81.607;20056;OPTIMUM;685.0;685;64.871;20069;OPTIMUM;685.0;685;42.361;13514;OPTIMUM;685.0;685;40.699;13527
instance_40_15_5_19;UNSATISFIABLE;None;;0.187;0;UNSATISFIABLE;None;;0.236;0;UNSATISFIABLE;None;;0.224;0;UNSATISFIABLE;None;;0.187;0;UNSATISFIABLE;None;;0.171;0;UNSATISFIABLE;None;;0.181;0;UNSATISFIABLE;None;;0.158;0;UNSATISFIABLE;None;;0.154;0
instance_40_15_5_2;OPTIMUM;714.0;714;66.441;36970;OPTIMUM;714.0;714;76.129;51185;OPTIMUM;714.0;714;70.58;51185;OPTIMUM;714.0;714;67.31;36970;OPTIMUM;714.0;714;69.826;19556;OPTIMUM;714.0;714;77.317;19556;OPTIMUM;714.0;714;68.09;13194;OPTIMUM;714.0;714;66.477;13194
instance_40_15_5_20;OPTIMUM;703.0;703;65.836;37344;OPTIMUM;703.0;703;62.505;50702;OPTIMUM;703.0;703;79.345;50703;OPTIMUM;703.0;703;56.359;38020;OPTIMUM;703.0;703;49.445;20062;OPTIMUM;703.0;703;55.581;20063;OPTIMUM;703.0;703;43.164;14062;OPTIMUM;703.0;703;50.683;14738
instance_40_15_5_21;OPTIMUM;732.0;732;49.617;49757;OPTIMUM;732.0;732;52.128;64276;OPTIMUM;732.0;732;50.836;64301;OPTIMUM;732.0;732;50.216;50471;OPTIMUM;732.0;732;56.512;23776;OPTIMUM;732.0;732;43.66;23801;OPTIMUM;732.0;732;45.79;17389;OPTIMUM;732.0;732;38.25;18103
instance_40_15_5_22;UNSATISFIABLE;None;;0.106;0;UNSATISFIABLE;None;;0.129;0;UNSATISFIABLE;None;;0.141;0;UNSATISFIABLE;None;;0.111;0;UNSATISFIABLE;None;;0.136;0;UNSATISFIABLE;None;;0.137;0;UNSATISFIABLE;None;;0.112;0;UNSATISFIABLE;None;;0.116;0
instance_40_15_5_23;OPTIMUM;717.0;717;26.105;32696;OPTIMUM;717.0;717;32.809;47225;OPTIMUM;717.0;717;25.076;47225;OPTIMUM;717.0;717;26.044;32696;OPTIMUM;717.0;717;27.589;17929;OPTIMUM;717.0;717;26.923;17929;OPTIMUM;717.0;717;30.035;11570;OPTIMUM;717.0;717;26.009;11570
instance_40_15_5_24;OPTIMUM;723.0;723;132.246;38856;OPTIMUM;723.0;723;158.764;53378;OPTIMUM;723.0;723;180.336;53378;OPTIMUM;723.0;723;110.703;39542;OPTIMUM;723.0;723;235.689;19871;OPTIMUM;723.0;723;99.715;19871;OPTIMUM;723.0;723;78.138;13592;OPTIMUM;723.0;723;96.975;14278
instance_40_15_5_25;UNSATISFIABLE;None;;0.14;0;UNSATISFIABLE;None;;0.143;0;UNSATISFIABLE;None;;0.144;0;UNSATISFIABLE;None;;0.138;0;UNSATISFIABLE;None;;0.16;0;UNSATISFIABLE;None;;0.15;0;UNSATISFIABLE;None;;0.126;0;UNSATISFIABLE;None;;0.148;0
instance_40_15_5_26;OPTIMUM;710.0;710;48.244;44012;OPTIMUM;710.0;710;64.801;58725;OPTIMUM;710.0;710;64.634;58725;OPTIMUM;710.0;710;48.959;44012;OPTIMUM;710.0;710;50.204;20313;OPTIMUM;710.0;710;53.97;20313;OPTIMUM;710.0;710;60.042;13994;OPTIMUM;710.0;710;64.665;13994
instance_40_15_5_27;OPTIMUM;640.0;640;64.072;34890;OPTIMUM;640.0;640;183.428;47359;OPTIMUM;640.0;640;93.06;47359;OPTIMUM;640.0;640;55.717;34890;OPTIMUM;640.0;640;49.598;18205;OPTIMUM;640.0;640;65.07;18205;OPTIMUM;640.0;640;43.971;12356;OPTIMUM;640.0;640;53.164;12356
instance_40_15_5_28;OPTIMUM;749.0;749;24.361;38532;OPTIMUM;749.0;749;24.421;53130;OPTIMUM;749.0;749;24.278;53130;OPTIMUM;749.0;749;22.487;38532;OPTIMUM;749.0;749;24.663;21105;OPTIMUM;749.0;749;20.065;21105;OPTIMUM;749.0;749;25.533;14740;OPTIMUM;749.0;749;29.525;14740
instance_40_15_5_29;UNSATISFIABLE;None;;0.262;0;UNSATISFIABLE;None;;0.29;0;UNSATISFIABLE;None;;0.301;0;UNSATISFIABLE;None;;0.236;0;UNSATISFIABLE;None;;0.234;0;UNSATISFIABLE;None;;0.237;0;UNSATISFIABLE;None;;0.187;0;UNSATISFIABLE;None;;0.201;0
instance_40_15_5_3;OPTIMUM;745.0;745;52.041;47638;OPTIMUM;745.0;745;55.718;62426;OPTIMUM;745.0;745;57.953;62426;OPTIMUM;745.0;745;52.839;47638;OPTIMUM;745.0;745;55.1;23937;OPTIMUM;745.0;745;58.081;23937;OPTIMUM;745.0;745;63.39;17654;OPTIMUM;745.0;745;62.133;17654
instance_40_15_5_30;OPTIMUM;706.0;706;41.111;52231;OPTIMUM;706.0;706;46.408;65911;OPTIMUM;706.0;706;61.966;65918;OPTIMUM;706.0;706;44.863;52908;OPTIMUM;706.0;706;39.656;22675;OPTIMUM;706.0;706;52.274;22682;OPTIMUM;706.0;706;45.423;16650;OPTIMUM;706.0;706;40.816;17327
instance_40_15_5_31;OPTIMUM;717.0;717;55.589;42847;OPTIMUM;717.0;717;60.778;56436;OPTIMUM;717.0;717;52.352;56436;OPTIMUM;717.0;717;49.42;43523;OPTIMUM;717.0;717;51.437;21055;OPTIMUM;717.0;717;53.111;21055;OPTIMUM;717.0;717;50.707;14894;OPTIMUM;717.0;717;47.529;15570
instance_40_15_5_32;UNSATISFIABLE;None;;0.141;0;UNSATISFIABLE;None;;0.167;0;UNSATISFIABLE;None;;0.157;0;UNSATISFIABLE;None;;0.15;0;UNSATISFIABLE;None;;0.175;0;UNSATISFIABLE;None;;0.198;0;UNSATISFIABLE;None;;0.172;0;UNSATISFIABLE;None;;0.196;0
instance_40_15_5_33;OPTIMUM;676.0;676;87.172;32181;OPTIMUM;676.0;676;101.657;46606;OPTIMUM;676.0;676;134.304;46651;OPTIMUM;676.0;676;92.575;32910;OPTIMUM;676.0;676;110.191;17803;OPTIMUM;676.0;676;119.92;17848;OPTIMUM;676.0;676;97.825;11638;OPTIMUM;676.0;676;117.623;12367
instance_40_15_5_34;OPTIMUM;728.0;728;175.618;49857;TIMEOUT;None;;300.125;0;TIMEOUT;None;;300.125;0;TIMEOUT;None;;300.122;0;TIMEOUT;None;;300.123;0;TIMEOUT;None;;300.123;0;OPTIMUM;728.0;728;284.18;16064;OPTIMUM;728.0;728;163.055;16785
instance_40_15_5_35;OPTIMUM;743.0;743;31.769;39993;OPTIMUM;743.0;743;33.889;55306;OPTIMUM;743.0;743;36.426;55337;OPTIMUM;743.0;743;32.049;40731;OPTIMUM;743.0;743;53.692;21901;OPTIMUM;743.0;743;27.226;21932;OPTIMUM;743.0;743;23.891;15542;OPTIMUM;743.0;743;63.483;16280
instance_40_15_5_36;UNSATISFIABLE;None;;0.366;0;UNSATISFIABLE;None;;0.432;0;UNSATISFIABLE;None;;0.452;0;UNSATISFIABLE;None;;0.368;0;UNSATISFIABLE;None;;0.382;0;UNSATISFIABLE;None;;0.369;0;UNSATISFIABLE;None;;0.337;0;UNSATISFIABLE;None;;0.343;0
instance_40_15_5_37;UNSATISFIABLE;None;;0.394;0;UNSATISFIABLE;None;;0.44;0;UNSATISFIABLE;None;;0.395;0;UNSATISFIABLE;None;;0.349;0;UNSATISFIABLE;None;;0.332;0;UNSATISFIABLE;None;;0.342;0;UNSATISFIABLE;None;;0.309;0;UNSATISFIABLE;None;;0.335;0
instance_40_15_5_38;UNSATISFIABLE;None;;0.103;0;UNSATISFIABLE;None;;0.132;0;UNSATISFIABLE;None;;0.122;0;UNSATISFIABLE;None;;0.098;0;UNSATISFIABLE;None;;0.128;0;UNSATISFIABLE;None;;0.145;0;UNSATISFIABLE;None;;0.113;0;UNSATISFIABLE;None;;0.126;0
instance_40_15_5_39;OPTIMUM;700.0;700;51.241;44010;OPTIMUM;700.0;700;59.796;58897;OPTIMUM;700.0;700;61.318;58906;OPTIMUM;700.0;700;49.526;44019;OPTIMUM;700.0;700;52.271;21670;OPTIMUM;700.0;700;46.107;21679;OPTIMUM;700.0;700;43.136;15281;OPTIMUM;700.0;700;47.973;15290
instance_40_15_5_4;OPTIMUM;728.0;728;43.407;44532;OPTIMUM;728.0;728;40.357;59904;OPTIMUM;728.0;728;34.783;59904;OPTIMUM;728.0;728;41.922;44532;OPTIMUM;728.0;728;32.012;22215;OPTIMUM;728.0;728;30.286;22215;OPTIMUM;728.0;728;28.249;15655;OPTIMUM;728.0;728;26.604;15655
instance_40_15_5_40;OPTIMUM;696.0;696;41.657;41919;OPTIMUM;696.0;696;49.132;57645;OPTIMUM;696.0;696;41.098;57658;OPTIMUM;696.0;696;40.676;41932;OPTIMUM;696.0;696;38.642;20714;OPTIMUM;696.0;696;41.995;20727;OPTIMUM;696.0;696;37.033;13934;OPTIMUM;696.0;696;44.154;13947
instance_40_15_5_41;OPTIMUM;744.0;744;26.653;42326;OPTIMUM;744.0;744;33.567;57200;OPTIMUM;744.0;744;32.278;57212;OPTIMUM;744.0;744;25.4;42338;OPTIMUM;744.0;744;36.493;20626;OPTIMUM;744.0;744;34.106;20638;OPTIMUM;744.0;744;27.01;14210;OPTIMUM;744.0;744;25.621;14222
instance_40_15_5_42;OPTIMUM;685.0;685;59.617;30474;OPTIMUM;685.0;685;32.598;45551;OPTIMUM;685.0;685;41.486;45571;OPTIMUM;685.0;685;40.722;30494;OPTIMUM;685.0;685;31.667;17595;OPTIMUM;685.0;685;32.911;17615;OPTIMUM;685.0;685;21.66;11187;OPTIMUM;685.0;685;24.493;11207
instance_40_15_5_43;OPTIMUM;746.0;746;91.554;50060;OPTIMUM;746.0;746;107.674;65830;OPTIMUM;746.0;746;94.608;65857;OPTIMUM;746.0;746;85.069;50087;OPTIMUM;746.0;746;58.194;22933;OPTIMUM;746.0;746;46.624;22960;OPTIMUM;746.0;746;75.807;16253;OPTIMUM;746.0;746;59.55;16280
instance_40_15_5_44;UNSATISFIABLE;None;;0.839;0;UNSATISFIABLE;None;;0.802;0;UNSATISFIABLE;None;;0.786;0;UNSATISFIABLE;None;;0.765;0;UNSATISFIABLE;None;;0.739;0;UNSATISFIABLE;None;;0.769;0;UNSATISFIABLE;None;;0.855;0;UNSATISFIABLE;None;;0.758;0
instance_40_15_5_45;OPTIMUM;716.0;716;86.133;40830;OPTIMUM;716.0;716;95.723;54471;OPTIMUM;716.0;716;88.887;54471;OPTIMUM;716.0;716;98.676;40830;OPTIMUM;716.0;716;89.782;19264;OPTIMUM;716.0;716;85.556;19264;OPTIMUM;716.0;716;76.981;13112;OPTIMUM;716.0;716;96.053;13112
instance_40_15_5_46;OPTIMUM;649.0;649;39.268;36448;OPTIMUM;649.0;649;37.802;50501;OPTIMUM;649.0;649;51.367;50542;OPTIMUM;649.0;649;40.235;36489;OPTIMUM;649.0;649;29.98;19417;OPTIMUM;649.0;649;44.73;19458;OPTIMUM;649.0;649;40.349;13318;OPTIMUM;649.0;649;36.472;13359
instance_40_15_5_47;OPTIMUM;656.0;656;51.0;43013;OPTIMUM;656.0;656;47.454;57877;OPTIMUM;656.0;656;55.701;57877;OPTIMUM;656.0;656;46.912;43709;OPTIMUM;656.0;656;51.204;20286;OPTIMUM;656.0;656;62.481;20286;OPTIMUM;656.0;656;31.888;13958;OPTIMUM;656.0;656;33.369;14654
instance_40_15_5_48;OPTIMUM;660.0;660;49.304;36232;OPTIMUM;660.0;660;44.017;51665;OPTIMUM;660.0;660;44.571;51665;OPTIMUM;660.0;660;52.704;36937;OPTIMUM;660.0;660;46.419;18852;OPTIMUM;660.0;660;46.597;18852;OPTIMUM;660.0;660;44.722;12280;OPTIMUM;660.0;660;46.256;12985
instance_40_15_5_49;UNSATISFIABLE;None;;0.115;0;UNSATISFIABLE;None;;0.14;0;UNSATISFIABLE;None;;0.154;0;UNSATISFIABLE;None;;0.119;0;UNSATISFIABLE;None;;0.16;0;UNSATISFIABLE;None;;0.151;0;UNSATISFIABLE;None;;0.156;0;UNSATISFIABLE;None;;0.13;0
instance_40_15_5_5;UNSATISFIABLE;None;;0.29;0;UNSATISFIABLE;None;;0.393;0;UNSATISFIABLE;None;;0.365;0;UNSATISFIABLE;None;;0.301;0;UNSATISFIABLE;None;;0.323;0;UNSATISFIABLE;None;;0.316;0;UNSATISFIABLE;None;;0.314;0;UNSATISFIABLE;None;;0.269;0
instance_40_15_5_50;OPTIMUM;701.0;701;46.749;39399;OPTIMUM;701.0;701;55.449;54275;OPTIMUM;701.0;701;66.022;54311;OPTIMUM;701.0;701;51.889;40122;OPTIMUM;701.0;701;59.746;19788;OPTIMUM;701.0;701;56.035;19824;OPTIMUM;701.0;701;53.092;13552;OPTIMUM;701.0;701;52.769;14275
instance_40_15_5_6;UNSATISFIABLE;None;;0.517;0;UNSATISFIABLE;None;;0.602;0;UNSATISFIABLE;None;;0.615;0;UNSATISFIABLE;None;;0.511;0;UNSATISFIABLE;None;;0.497;0;UNSATISFIABLE;None;;0.488;0;UNSATISFIABLE;None;;0.48;0;UNSATISFIABLE;None;;0.421;0
instance_40_15_5_7;OPTIMUM;757.0;757;129.587;54413;TIMEOUT;None;;300.123;0;OPTIMUM;757.0;757;183.031;68734;OPTIMUM;757.0;757;113.452;54432;OPTIMUM;757.0;757;102.853;23412;OPTIMUM;757.0;757;107.462;23431;OPTIMUM;757.0;757;94.844;17122;OPTIMUM;757.0;757;202.788;17141
instance_40_15_5_8;OPTIMUM;694.0;694;44.83;38619;OPTIMUM;694.0;694;48.725;53113;OPTIMUM;694.0;694;57.377;53126;OPTIMUM;694.0;694;38.939;39331;OPTIMUM;694.0;694;48.215;20196;OPTIMUM;694.0;694;50.099;20209;OPTIMUM;694.0;694;42.894;13810;OPTIMUM;694.0;694;44.946;14522
instance_40_15_5_9;TIMEOUT;None;;300.114;0;TIMEOUT;None;;300.121;0;TIMEOUT;None;;300.118;0;TIMEOUT;None;;300.117;0;TIMEOUT;None;;300.118;0;TIMEOUT;None;;300.116;0;TIMEOUT;None;;300.114;0;TIMEOUT;None;;300.113;0
instance_40_20_5_1;TIMEOUT;None;;300.118;0;TIMEOUT;None;;300.123;0;TIMEOUT;None;;300.125;0;TIMEOUT;None;;300.124;0;TIMEOUT;None;;300.129;0;TIMEOUT;None;;300.124;0;TIMEOUT;None;;300.117;0;TIMEOUT;None;;300.124;0
instance_40_20_5_10;OPTIMUM;716.0;716;26.898;43263;OPTIMUM;716.0;716;25.328;58155;OPTIMUM;716.0;716;27.463;58160;OPTIMUM;716.0;716;24.805;43268;OPTIMUM;716.0;716;24.683;22967;OPTIMUM;716.0;716;21.371;22972;OPTIMUM;716.0;716;22.09;16448;OPTIMUM;716.0;716;24.375;16453
instance_40_20_5_11;OPTIMUM;734.0;734;47.069;55886;OPTIMUM;734.0;734;41.711;69220;OPTIMUM;734.0;734;40.728;69229;OPTIMUM;734.0;734;37.577;56570;OPTIMUM;734.0;734;39.549;24761;OPTIMUM;734.0;734;37.808;24770;OPTIMUM;734.0;734;29.664;18875;OPTIMUM;734.0;734;32.604;19559
instance_40_20_5_12;OPTIMUM;724.0;724;73.416;57845;OPTIMUM;724.0;724;81.735;71387;OPTIMUM;724.0;724;76.497;71387;OPTIMUM;724.0;724;67.529;57845;OPTIMUM;724.0;724;77.844;24827;OPTIMUM;724.0;724;65.893;24827;OPTIMUM;724.0;724;77.712;18765;OPTIMUM;724.0;724;69.599;18765
instance_40_20_5_13;OPTIMUM;763.0;763;40.758;55352;OPTIMUM;763.0;763;53.533;71072;OPTIMUM;763.0;763;69.968;71072;OPTIMUM;763.0;763;44.188;56070;OPTIMUM;763.0;763;61.006;25221;OPTIMUM;763.0;763;42.859;25221;OPTIMUM;763.0;763;40.173;18587;OPTIMUM;763.0;763;48.681;19305
instance_40_20_5_14;OPTIMUM;772.0;772;63.34;56616;OPTIMUM;772.0;772;93.203;70606;OPTIMUM;772.0;772;85.423;70606;OPTIMUM;772.0;772;62.432;56616;OPTIMUM;772.0;772;119.221;26853;OPTIMUM;772.0;772;178.055;26853;OPTIMUM;772.0;772;50.513;20639;OPTIMUM;772.0;772;55.905;20639
instance_40_20_5_15;OPTIMUM;745.0;745;28.057;42389;OPTIMUM;745.0;745;30.265;55621;OPTIMUM;745.0;745;30.937;55665;OPTIMUM;745.0;745;29.468;43108;OPTIMUM;745.0;745;22.479;22704;OPTIMUM;745.0;745;31.555;22748;OPTIMUM;745.0;745;23.66;16655;OPTIMUM;745.0;745;22.667;17374
instance_40_20_5_16;OPTIMUM;745.0;745;20.797;44386;OPTIMUM;745.0;745;31.266;57518;OPTIMUM;745.0;745;31.314;57518;OPTIMUM;745.0;745;22.917;44386;OPTIMUM;745.0;745;36.484;22682;OPTIMUM;745.0;745;34.601;22682;OPTIMUM;745.0;745;27.455;16850;OPTIMUM;745.0;745;25.666;16850
instance_40_20_5_17;OPTIMUM;737.0;737;73.033;68687;OPTIMUM;737.0;737;71.302;83479;OPTIMUM;737.0;737;70.192;83479;OPTIMUM;737.0;737;67.357;68687;OPTIMUM;737.0;737;68.694;27321;OPTIMUM;737.0;737;62.568;27321;OPTIMUM;737.0;737;69.588;21070;OPTIMUM;737.0;737;62.273;21070
instance_40_20_5_18;OPTIMUM;758.0;758;51.239;40810;OPTIMUM;758.0;758;56.526;54839;OPTIMUM;758.0;758;54.965;54839;OPTIMUM;758.0;758;49.514;40810;OPTIMUM;758.0;758;48.124;22724;OPTIMUM;758.0;758;48.94;22724;OPTIMUM;758.0;758;46.962;16476;OPTIMUM;758.0;758;46.723;16476
instance_40_20_5_19;OPTIMUM;753.0;753;45.412;69321;OPTIMUM;753.0;753;48.332;84564;OPTIMUM;753.0;753;49.015;84564;OPTIMUM;753.0;753;42.861;69321;OPTIMUM;753.0;753;48.015;27474;OPTIMUM;753.0;753;45.373;27474;OPTIMUM;753.0;753;39.269;20887;OPTIMUM;753.0;753;39.738;20887
instance_40_20_5_2;OPTIMUM;751.0;751;67.613;60509;OPTIMUM;751.0;751;67.553;75023;OPTIMUM;751.0;751;64.144;75023;OPTIMUM;751.0;751;66.065;60509;OPTIMUM;751.0;751;57.596;26163;OPTIMUM;751.0;751;52.591;26163;OPTIMUM;751.0;751;52.328;19766;OPTIMUM;751.0;751;49.919;19766
instance_40_20_5_20;OPTIMUM;776.0;776;51.154;53539;OPTIMUM;776.0;776;66.757;67992;OPTIMUM;776.0;776;63.559;68009;OPTIMUM;776.0;776;46.356;54234;OPTIMUM;776.0;776;54.147;24609;OPTIMUM;776.0;776;46.222;24626;OPTIMUM;776.0;776;40.921;18468;OPTIMUM;776.0;776;40.399;19163
instance_40_20_5_21;OPTIMUM;761.0;761;49.581;56460;OPTIMUM;761.0;761;49.231;71634;OPTIMUM;761.0;761;55.099;71670;OPTIMUM;761.0;761;42.55;57200;OPTIMUM;761.0;761;40.45;27322;OPTIMUM;761.0;761;44.831;27358;OPTIMUM;761.0;761;35.503;20911;OPTIMUM;761.0;761;37.791;21651
instance_40_20_5_22;OPTIMUM;758.0;758;62.756;55935;OPTIMUM;758.0;758;55.179;69129;OPTIMUM;758.0;758;54.746;69132;OPTIMUM;758.0;758;54.007;56622;OPTIMUM;758.0;758;75.721;25486;OPTIMUM;758.0;758;60.372;25489;OPTIMUM;758.0;758;77.867;19394;OPTIMUM;758.0;758;117.976;20081
instance_40_20_5_23;OPTIMUM;766.0;766;42.464;55216;OPTIMUM;766.0;766;51.61;68659;OPTIMUM;766.0;766;43.952;68672;OPTIMUM;766.0;766;51.117;55915;OPTIMUM;766.0;766;72.002;25000;OPTIMUM;766.0;766;36.881;25013;OPTIMUM;766.0;766;36.562;19015;OPTIMUM;766.0;766;34.739;19714
instance_40_20_5_24;OPTIMUM;740.0;740;57.364;49444;OPTIMUM;740.0;740;60.998;63691;OPTIMUM;740.0;740;72.673;63691;OPTIMUM;740.0;740;61.221;50136;OPTIMUM;740.0;740;57.504;23831;OPTIMUM;740.0;740;58.402;23831;OPTIMUM;740.0;740;51.236;17511;OPTIMUM;740.0;740;47.242;18203
instance_40_20_5_25;OPTIMUM;699.0;699;225.737;46858;OPTIMUM;699.0;699;290.623;60779;TIMEOUT;None;;300.126;0;TIMEOUT;None;;300.121;0;OPTIMUM;699.0;699;192.061;23175;OPTIMUM;699.0;699;182.169;23188;OPTIMUM;699.0;699;278.746;16955;TIMEOUT;None;;300.129;0
instance_40_20_5_26;OPTIMUM;772.0;772;63.644;62360;OPTIMUM;772.0;772;74.786;77164;OPTIMUM;772.0;772;73.673;77176;OPTIMUM;772.0;772;61.947;63084;OPTIMUM;772.0;772;55.165;27286;OPTIMUM;772.0;772;55.624;27298;OPTIMUM;772.0;772;62.988;20743;OPTIMUM;772.0;772;66.951;21467
instance_40_20_5_27;OPTIMUM;689.0;689;51.488;36642;OPTIMUM;689.0;689;54.188;51264;OPTIMUM;689.0;689;55.803;51264;OPTIMUM;689.0;689;50.372;36642;OPTIMUM;689.0;689;48.522;21291;OPTIMUM;689.0;689;54.446;21291;OPTIMUM;689.0;689;52.048;14726;OPTIMUM;689.0;689;47.627;14726
instance_40_20_5_28;OPTIMUM;743.0;743;32.911;55340;OPTIMUM;743.0;743;28.127;68904;OPTIMUM;743.0;743;36.659;68949;OPTIMUM;743.0;743;30.184;55385;OPTIMUM;743.0;743;25.267;25218;OPTIMUM;743.0;743;35.075;25263;OPTIMUM;743.0;743;28.984;19285;OPTIMUM;743.0;743;25.285;19330
instance_40_20_5_29;OPTIMUM;734.0;734;62.13;62238;OPTIMUM;734.0;734;65.464;75749;OPTIMUM;734.0;734;69.779;75749;OPTIMUM;734.0;734;57.293;62238;OPTIMUM;734.0;734;55.542;25741;OPTIMUM;734.0;734;55.577;25741;OPTIMUM;734.0;734;53.373;19729;OPTIMUM;734.0;734;53.795;19729
instance_40_20_5_3;OPTIMUM;757.0;757;47.145;43483;OPTIMUM;757.0;757;55.634;58115;OPTIMUM;757.0;757;72.628;58136;OPTIMUM;757.0;757;62.406;44207;OPTIMUM;757.0;757;48.928;23138;OPTIMUM;757.0;757;54.381;23159;OPTIMUM;757.0;757;56.283;16856;OPTIMUM;757.0;757;55.867;17580
instance_40_20_5_30;OPTIMUM;755.0;755;65.528;51491;OPTIMUM;755.0;755;67.341;64830;OPTIMUM;755.0;755;58.391;64852;OPTIMUM;755.0;755;53.201;51513;OPTIMUM;755.0;755;57.997;25526;OPTIMUM;755.0;755;58.173;25548;OPTIMUM;755.0;755;49.071;19617;OPTIMUM;755.0;755;56.023;19639
instance_40_20_5_31;OPTIMUM;737.0;737;32.01;50544;OPTIMUM;737.0;737;30.796;64435;OPTIMUM;737.0;737;33.728;64435;OPTIMUM;737.0;737;28.223;51224;OPTIMUM;737.0;737;25.764;23284;OPTIMUM;737.0;737;26.436;23284;OPTIMUM;737.0;737;29.65;17260;OPTIMUM;737.0;737;22.633;17940
instance_40_20_5_32;UNSATISFIABLE;None;;0.381;0;UNSATISFIABLE;None;;0.444;0;UNSATISFIABLE;None;;0.457;0;UNSATISFIABLE;None;;0.396;0;UNSATISFIABLE;None;;0.334;0;UNSATISFIABLE;None;;0.349;0;UNSATISFIABLE;None;;0.297;0;UNSATISFIABLE;None;;0.311;0
instance_40_20_5_33;OPTIMUM;769.0;769;73.404;67036;OPTIMUM;769.0;769;72.792;81113;OPTIMUM;769.0;769;73.472;81113;OPTIMUM;769.0;769;71.119;67036;OPTIMUM;769.0;769;64.553;27244;OPTIMUM;769.0;769;61.94;27244;OPTIMUM;769.0;769;68.162;20941;OPTIMUM;769.0;769;67.351;20941
instance_40_20_5_34;TIMEOUT;None;;300.125;0;TIMEOUT;None;;300.125;0;TIMEOUT;None;;300.126;0;TIMEOUT;None;;300.125;0;TIMEOUT;None;;300.124;0;TIMEOUT;None;;300.13;0;TIMEOUT;None;;300.122;0;OPTIMUM;748.0;748;254.61;19088
instance_40_20_5_35;UNSATISFIABLE;None;;0.497;0;UNSATISFIABLE;None;;0.589;0;UNSATISFIABLE;None;;0.572;0;UNSATISFIABLE;None;;0.53;0;UNSATISFIABLE;None;;0.543;0;UNSATISFIABLE;None;;0.436;0;UNSATISFIABLE;None;;0.467;0;UNSATISFIABLE;None;;0.433;0
instance_40_20_5_36;OPTIMUM;722.0;722;55.936;51716;OPTIMUM;722.0;722;65.805;66093;OPTIMUM;722.0;722;71.494;66106;OPTIMUM;722.0;722;57.896;51729;OPTIMUM;722.0;722;63.194;24389;OPTIMUM;722.0;722;57.9;24402;OPTIMUM;722.0;722;50.804;18255;OPTIMUM;722.0;722;56.593;18268
instance_40_20_5_37;OPTIMUM;771.0;771;44.72;56436;OPTIMUM;771.0;771;86.377;70367;OPTIMUM;771.0;771;52.388;70387;OPTIMUM;771.0;771;52.169;57143;OPTIMUM;771.0;771;44.279;24624;OPTIMUM;771.0;771;42.424;24644;OPTIMUM;771.0;771;48.938;18474;OPTIMUM;771.0;771;50.779;19181
instance_40_20_5_38;OPTIMUM;764.0;764;22.529;52292;OPTIMUM;764.0;764;39.305;66503;OPTIMUM;764.0;764;42.08;66503;OPTIMUM;764.0;764;22.522;52292;OPTIMUM;764.0;764;18.888;25002;OPTIMUM;764.0;764;18.826;25002;OPTIMUM;764.0;764;16.843;18846;OPTIMUM;764.0;764;16.97;18846
instance_40_20_5_39;OPTIMUM;776.0;776;96.474;53938;OPTIMUM;776.0;776;64.773;68294;OPTIMUM;776.0;776;48.056;68301;OPTIMUM;776.0;776;44.229;54636;OPTIMUM;776.0;776;68.166;25412;OPTIMUM;776.0;776;125.151;25419;OPTIMUM;776.0;776;42.801;19286;OPTIMUM;776.0;776;111.235;19984
instance_40_20_5_4;OPTIMUM;723.0;723;51.112;57811;OPTIMUM;723.0;723;51.438;71707;OPTIMUM;723.0;723;58.269;71723;OPTIMUM;723.0;723;50.875;58507;OPTIMUM;723.0;723;46.263;25161;OPTIMUM;723.0;723;39.375;25177;OPTIMUM;723.0;723;42.169;19012;OPTIMUM;723.0;723;49.028;19708
instance_40_20_5_40;OPTIMUM;688.0;688;68.009;56586;OPTIMUM;688.0;688;85.84;71721;OPTIMUM;688.0;688;78.998;71722;OPTIMUM;688.0;688;67.989;57292;OPTIMUM;688.0;688;79.531;24777;OPTIMUM;688.0;688;76.411;24778;OPTIMUM;688.0;688;91.797;18252;OPTIMUM;688.0;688;71.858;18958
instance_40_20_5_41;OPTIMUM;723.0;723;43.457;49094;OPTIMUM;723.0;723;45.771;63596;OPTIMUM;723.0;723;51.493;63661;OPTIMUM;723.0;723;40.343;49876;OPTIMUM;723.0;723;44.304;23218;OPTIMUM;723.0;723;33.827;23283;OPTIMUM;723.0;723;33.875;16751;OPTIMUM;723.0;723;35.632;17533
instance_40_20_5_42;OPTIMUM;722.0;722;61.211;58824;OPTIMUM;722.0;722;64.168;73218;OPTIMUM;722.0;722;70.012;73251;OPTIMUM;722.0;722;66.201;59557;OPTIMUM;722.0;722;43.571;26455;OPTIMUM;722.0;722;57.438;26488;OPTIMUM;722.0;722;52.954;20163;OPTIMUM;722.0;722;45.517;20896
instance_40_20_5_43;OPTIMUM;756.0;756;41.593;60954;OPTIMUM;756.0;756;47.877;75070;OPTIMUM;756.0;756;49.627;75070;OPTIMUM;756.0;756;38.377;60954;OPTIMUM;756.0;756;42.587;28068;OPTIMUM;756.0;756;40.085;28068;OPTIMUM;756.0;756;28.936;21832;OPTIMUM;756.0;756;32.579;21832
instance_40_20_5_44;OPTIMUM;735.0;735;44.837;59489;OPTIMUM;735.0;735;60.189;74298;OPTIMUM;735.0;735;54.66;74316;OPTIMUM;735.0;735;57.159;59507;OPTIMUM;735.0;735;44.162;25812;OPTIMUM;735.0;735;46.124;25830;OPTIMUM;735.0;735;47.955;19376;OPTIMUM;735.0;735;43.122;19394
instance_40_20_5_45;TIMEOUT;None;;300.116;0;TIMEOUT;None;;300.121;0;TIMEOUT;None;;300.116;0;TIMEOUT;None;;300.118;0;TIMEOUT;None;;300.116;0;TIMEOUT;None;;300.114;0;TIMEOUT;None;;300.114;0;TIMEOUT;None;;300.121;0
instance_40_20_5_46;OPTIMUM;741.0;741;43.726;44511;OPTIMUM;741.0;741;49.858;58614;OPTIMUM;741.0;741;43.255;58614;OPTIMUM;741.0;741;41.285;45199;OPTIMUM;741.0;741;37.95;22935;OPTIMUM;741.0;741;40.923;22935;OPTIMUM;741.0;741;34.717;16619;OPTIMUM;741.0;741;39.371;17307
instance_40_20_5_47;OPTIMUM;703.0;703;53.702;47404;OPTIMUM;703.0;703;55.817;60479;OPTIMUM;703.0;703;55.553;60479;OPTIMUM;703.0;703;54.03;48065;OPTIMUM;703.0;703;61.26;22887;OPTIMUM;703.0;703;63.058;22887;OPTIMUM;703.0;703;55.114;16980;OPTIMUM;703.0;703;53.538;17641
instance_40_20_5_48;OPTIMUM;767.0;767;35.271;58469;OPTIMUM;767.0;767;44.05;73246;OPTIMUM;767.0;767;40.488;73246;OPTIMUM;767.0;767;32.918;58469;OPTIMUM;767.0;767;31.241;26143;OPTIMUM;767.0;767;32.438;26143;OPTIMUM;767.0;767;29.811;19870;OPTIMUM;767.0;767;29.768;19870
instance_40_20_5_49;OPTIMUM;776.0;776;71.787;64301;OPTIMUM;776.0;776;104.441;79384;OPTIMUM;776.0;776;80.194;79385;OPTIMUM;776.0;776;85.877;65010;OPTIMUM;776.0;776;69.205;28168;OPTIMUM;776.0;776;65.411;28169;OPTIMUM;776.0;776;103.691;21795;OPTIMUM;776.0;776;56.987;22504
instance_40_20_5_5;UNSATISFIABLE;None;;32.908;0;UNSATISFIABLE;None;;1.766;0;UNSATISFIABLE;None;;1.798;0;UNSATISFIABLE;None;;22.585;0;UNSATISFIABLE;None;;1.872;0;UNSATISFIABLE;None;;1.948;0;UNSATISFIABLE;None;;18.553;0;UNSATISFIABLE;None;;16.697;0
instance_40_20_5_50;OPTIMUM;729.0;729;42.159;46133;OPTIMUM;729.0;729;54.087;59953;OPTIMUM;729.0;729;43.566;59967;OPTIMUM;729.0;729;49.556;46147;OPTIMUM;729.0;729;40.605;22348;OPTIMUM;729.0;729;47.758;22362;OPTIMUM;729.0;729;47.427;16253;OPTIMUM;729.0;729;43.247;16267
instance_40_20_5_6;OPTIMUM;733.0;733;56.671;66366;OPTIMUM;733.0;733;116.076;81054;OPTIMUM;733.0;733;58.794;81094;OPTIMUM;733.0;733;62.962;67099;OPTIMUM;733.0;733;46.241;26803;OPTIMUM;733.0;733;50.907;26843;OPTIMUM;733.0;733;56.308;20520;OPTIMUM;733.0;733;45.795;21253
instance_40_20_5_7;OPTIMUM;754.0;754;8.756;43956;OPTIMUM;754.0;754;9.9;59884;OPTIMUM;754.0;754;8.707;59920;OPTIMUM;754.0;754;10.606;43992;OPTIMUM;754.0;754;8.053;23469;OPTIMUM;754.0;754;19.351;23505;OPTIMUM;754.0;754;8.239;16613;OPTIMUM;754.0;754;7.107;16649
instance_40_20_5_8;OPTIMUM;775.0;775;59.026;54789;OPTIMUM;775.0;775;79.165;68846;OPTIMUM;775.0;775;69.207;68846;OPTIMUM;775.0;775;46.839;54789;OPTIMUM;775.0;775;46.246;25940;OPTIMUM;775.0;775;40.631;25940;OPTIMUM;775.0;775;49.777;19709;OPTIMUM;775.0;775;54.731;19709
instance_40_20_5_9;OPTIMUM;707.0;707;50.825;41397;;;;;;OPTIMUM;707.0;707;62.657;55219;OPTIMUM;707.0;707;48.644;42079;OPTIMUM;707.0;707;67.181;21094;OPTIMUM;707.0;707;54.381;21094;OPTIMUM;707.0;707;52.519;15000;OPTIMUM;707.0;707;50.811;15682
instance_40_25_5_1;OPTIMUM;779.0;779;42.449;60026;OPTIMUM;779.0;779;44.156;75343;OPTIMUM;779.0;779;48.258;75369;OPTIMUM;779.0;779;35.973;60052;OPTIMUM;779.0;779;47.524;28230;OPTIMUM;779.0;779;68.529;28256;OPTIMUM;779.0;779;33.418;21784;OPTIMUM;779.0;779;58.348;21810
instance_40_25_5_10;OPTIMUM;772.0;772;78.306;79088;OPTIMUM;772.0;772;77.236;93701;OPTIMUM;772.0;772;72.012;93701;OPTIMUM;772.0;772;102.318;79088;OPTIMUM;772.0;772;50.701;33313;OPTIMUM;772.0;772;56.902;33313;OPTIMUM;772.0;772;47.328;26974;OPTIMUM;772.0;772;49.864;26974
instance_40_25_5_11;OPTIMUM;783.0;783;47.153;70383;OPTIMUM;783.0;783;59.976;84490;OPTIMUM;783.0;783;60.17;84526;OPTIMUM;783.0;783;44.509;71116;OPTIMUM;783.0;783;32.494;29689;OPTIMUM;783.0;783;35.477;29725;OPTIMUM;783.0;783;33.842;23605;OPTIMUM;783.0;783;35.871;24338
instance_40_25_5_12;OPTIMUM;781.0;781;66.07;68749;OPTIMUM;781.0;781;76.994;83848;OPTIMUM;781.0;781;74.111;83849;OPTIMUM;781.0;781;79.695;69466;OPTIMUM;781.0;781;60.63;29857;OPTIMUM;781.0;781;71.076;29858;OPTIMUM;781.0;781;59.263;23421;OPTIMUM;781.0;781;55.799;24138
instance_40_25_5_13;OPTIMUM;784.0;784;48.537;72182;OPTIMUM;784.0;784;54.4;85386;OPTIMUM;784.0;784;65.202;85445;OPTIMUM;784.0;784;52.505;72241;OPTIMUM;784.0;784;40.725;30957;OPTIMUM;784.0;784;52.438;31016;OPTIMUM;784.0;784;43.142;25078;OPTIMUM;784.0;784;52.984;25137
instance_40_25_5_14;OPTIMUM;781.0;781;69.248;83288;OPTIMUM;781.0;781;90.986;96700;OPTIMUM;781.0;781;99.26;96700;OPTIMUM;781.0;781;70.884;83288;OPTIMUM;781.0;781;78.22;33361;OPTIMUM;781.0;781;70.835;33361;OPTIMUM;781.0;781;88.157;27302;OPTIMUM;781.0;781;84.104;27302
instance_40_25_5_15;OPTIMUM;715.0;715;35.79;57220;OPTIMUM;715.0;715;64.216;71208;OPTIMUM;715.0;715;93.299;71230;OPTIMUM;715.0;715;58.285;57938;OPTIMUM;715.0;715;68.962;26877;OPTIMUM;715.0;715;62.678;26899;OPTIMUM;715.0;715;46.941;20662;OPTIMUM;715.0;715;28.189;21380
instance_40_25_5_16;OPTIMUM;759.0;759;50.281;69171;OPTIMUM;759.0;759;60.78;83951;OPTIMUM;759.0;759;46.428;83951;OPTIMUM;759.0;759;62.833;69873;OPTIMUM;759.0;759;60.793;29564;OPTIMUM;759.0;759;42.707;29564;OPTIMUM;759.0;759;37.655;23149;OPTIMUM;759.0;759;43.865;23851
instance_40_25_5_17;OPTIMUM;745.0;745;56.343;69117;OPTIMUM;745.0;745;66.06;82840;OPTIMUM;745.0;745;65.56;82840;OPTIMUM;745.0;745;59.331;69117;OPTIMUM;745.0;745;50.426;30663;OPTIMUM;745.0;745;52.347;30663;OPTIMUM;745.0;745;51.051;24595;OPTIMUM;745.0;745;53.696;24595
instance_40_25_5_18;OPTIMUM;784.0;784;68.083;69852;OPTIMUM;784.0;784;80.682;84295;OPTIMUM;784.0;784;85.092;84314;OPTIMUM;784.0;784;80.472;69871;OPTIMUM;784.0;784;62.014;29789;OPTIMUM;784.0;784;64.523;29808;OPTIMUM;784.0;784;70.967;23514;OPTIMUM;784.0;784;75.128;23533
instance_40_25_5_19;OPTIMUM;734.0;734;51.465;49086;OPTIMUM;734.0;734;52.957;63830;OPTIMUM;734.0;734;55.725;63830;OPTIMUM;734.0;734;50.01;49086;OPTIMUM;734.0;734;48.711;25154;OPTIMUM;734.0;734;58.195;25154;OPTIMUM;734.0;734;55.265;18773;OPTIMUM;734.0;734;57.543;18773
instance_40_25_5_2;OPTIMUM;775.0;775;43.856;66914;OPTIMUM;775.0;775;58.843;80762;OPTIMUM;775.0;775;57.955;80762;OPTIMUM;775.0;775;41.157;66914;OPTIMUM;775.0;775;28.868;29536;OPTIMUM;775.0;775;25.83;29536;OPTIMUM;775.0;775;27.98;23597;OPTIMUM;775.0;775;30.667;23597
instance_40_25_5_20;OPTIMUM;767.0;767;246.758;80264;OPTIMUM;767.0;767;120.217;95066;OPTIMUM;767.0;767;103.128;95144;OPTIMUM;767.0;767;95.293;81054;OPTIMUM;767.0;767;131.195;31345;OPTIMUM;767.0;767;99.087;31423;OPTIMUM;767.0;767;88.167;25053;OPTIMUM;767.0;767;144.023;25843
instance_40_25_5_21;OPTIMUM;758.0;758;51.417;62292;OPTIMUM;758.0;758;57.623;76483;OPTIMUM;758.0;758;61.684;76483;OPTIMUM;758.0;758;58.017;62993;OPTIMUM;758.0;758;34.202;30471;OPTIMUM;758.0;758;37.5;30471;OPTIMUM;758.0;758;55.403;24282;OPTIMUM;758.0;758;35.16;24983
instance_40_25_5_22;OPTIMUM;761.0;761;45.371;61938;OPTIMUM;761.0;761;47.867;75883;OPTIMUM;761.0;761;48.491;75883;OPTIMUM;761.0;761;42.744;61938;OPTIMUM;761.0;761;41.785;27152;OPTIMUM;761.0;761;44.41;27152;OPTIMUM;761.0;761;39.733;20896;OPTIMUM;761.0;761;38.672;20896
instance_40_25_5_23;OPTIMUM;769.0;769;93.369;89163;OPTIMUM;769.0;769;139.317;103218;OPTIMUM;769.0;769;82.092;103234;OPTIMUM;769.0;769;74.5;89861;OPTIMUM;769.0;769;100.149;31825;OPTIMUM;769.0;769;85.723;31841;OPTIMUM;769.0;769;71.825;25849;OPTIMUM;769.0;769;61.384;26547
instance_40_25_5_24;OPTIMUM;738.0;738;59.602;57075;OPTIMUM;738.0;738;53.252;71791;OPTIMUM;738.0;738;62.686;71810;OPTIMUM;738.0;738;60.451;57793;OPTIMUM;738.0;738;50.064;26746;OPTIMUM;738.0;738;47.741;26765;OPTIMUM;738.0;738;51.077;20435;OPTIMUM;738.0;738;42.087;21153
instance_40_25_5_25;OPTIMUM;761.0;761;49.921;62587;OPTIMUM;761.0;761;56.014;76506;OPTIMUM;761.0;761;61.896;76519;OPTIMUM;761.0;761;50.304;63290;OPTIMUM;761.0;761;46.686;27472;OPTIMUM;761.0;761;54.006;27485;OPTIMUM;761.0;761;47.268;21338;OPTIMUM;761.0;761;40.047;22041
instance_40_25_5_26;OPTIMUM;776.0;776;46.515;70394;OPTIMUM;776.0;776;71.33;84527;OPTIMUM;776.0;776;70.129;84527;OPTIMUM;776.0;776;46.887;70394;OPTIMUM;776.0;776;47.411;30662;OPTIMUM;776.0;776;41.974;30662;OPTIMUM;776.0;776;82.865;24509;OPTIMUM;776.0;776;77.461;24509
instance_40_25_5_27;OPTIMUM;739.0;739;60.0;54390;OPTIMUM;739.0;739;72.838;68368;OPTIMUM;739.0;739;65.516;68387;OPTIMUM;739.0;739;62.07;54409;OPTIMUM;739.0;739;53.196;26374;OPTIMUM;739.0;739;56.793;26393;OPTIMUM;739.0;739;50.426;20157;OPTIMUM;739.0;739;53.147;20176
instance_40_25_5_28;OPTIMUM;742.0;742;66.12;67956;OPTIMUM;742.0;742;86.813;82768;OPTIMUM;742.0;742;74.257;82768;OPTIMUM;742.0;742;72.659;67956;OPTIMUM;742.0;742;60.381;29263;OPTIMUM;742.0;742;63.92;29263;OPTIMUM;742.0;742;60.616;23009;OPTIMUM;742.0;742;67.367;23009
instance_40_25_5_29;OPTIMUM;746.0;746;84.515;60226;OPTIMUM;746.0;746;78.809;73261;OPTIMUM;746.0;746;63.486;73261;OPTIMUM;746.0;746;54.804;60895;OPTIMUM;746.0;746;49.619;27226;OPTIMUM;746.0;746;53.186;27226;OPTIMUM;746.0;746;53.055;21379;OPTIMUM;746.0;746;49.937;22048
instance_40_25_5_3;OPTIMUM;722.0;722;58.804;67826;OPTIMUM;722.0;722;63.198;81708;OPTIMUM;722.0;722;78.161;81756;OPTIMUM;722.0;722;69.177;68548;OPTIMUM;722.0;722;51.882;29209;OPTIMUM;722.0;722;119.519;29257;OPTIMUM;722.0;722;63.693;23064;OPTIMUM;722.0;722;67.395;23786
instance_40_25_5_30;OPTIMUM;766.0;766;90.245;73693;OPTIMUM;766.0;766;105.4;87735;OPTIMUM;766.0;766;114.818;87750;OPTIMUM;766.0;766;82.531;73708;OPTIMUM;766.0;766;85.3;32537;OPTIMUM;766.0;766;87.782;32552;OPTIMUM;766.0;766;80.476;26426;OPTIMUM;766.0;766;76.275;26441
instance_40_25_5_31;OPTIMUM;788.0;788;55.422;75834;OPTIMUM;788.0;788;79.219;90790;OPTIMUM;788.0;788;80.069;90829;OPTIMUM;788.0;788;69.752;76569;OPTIMUM;788.0;788;48.165;32046;OPTIMUM;788.0;788;74.623;32085;OPTIMUM;788.0;788;44.309;25714;OPTIMUM;788.0;788;49.166;26449
instance_40_25_5_32;OPTIMUM;710.0;710;73.319;68978;OPTIMUM;710.0;710;80.869;83000;OPTIMUM;710.0;710;96.382;83054;OPTIMUM;710.0;710;95.494;69721;OPTIMUM;710.0;710;86.89;29815;OPTIMUM;710.0;710;82.808;29869;OPTIMUM;710.0;710;82.893;23747;OPTIMUM;710.0;710;77.944;24490
instance_40_25_5_33;OPTIMUM;769.0;769;66.591;57519;OPTIMUM;769.0;769;73.386;72048;OPTIMUM;769.0;769;74.911;72048;OPTIMUM;769.0;769;73.228;57519;OPTIMUM;769.0;769;74.243;26359;OPTIMUM;769.0;769;73.766;26359;OPTIMUM;769.0;769;69.235;20016;OPTIMUM;769.0;769;62.955;20016
instance_40_25_5_34;OPTIMUM;764.0;764;82.416;74656;OPTIMUM;764.0;764;112.218;88323;OPTIMUM;764.0;764;71.075;88344;OPTIMUM;764.0;764;70.44;75349;OPTIMUM;764.0;764;77.19;29172;OPTIMUM;764.0;764;82.366;29193;OPTIMUM;764.0;764;64.828;23197;OPTIMUM;764.0;764;65.212;23890
instance_40_25_5_35;OPTIMUM;748.0;748;82.418;77181;OPTIMUM;748.0;748;85.117;90299;OPTIMUM;748.0;748;74.754;90299;OPTIMUM;748.0;748;72.077;77853;OPTIMUM;748.0;748;62.627;30353;OPTIMUM;748.0;748;70.411;30353;OPTIMUM;748.0;748;60.028;24420;OPTIMUM;748.0;748;63.417;25092
instance_40_25_5_36;OPTIMUM;788.0;788;29.206;63258;OPTIMUM;788.0;788;34.261;76927;OPTIMUM;788.0;788;54.041;76949;OPTIMUM;788.0;788;29.224;63280;OPTIMUM;788.0;788;37.783;29391;OPTIMUM;788.0;788;27.487;29413;OPTIMUM;788.0;788;25.939;23258;OPTIMUM;788.0;788;23.27;23280
instance_40_25_5_37;OPTIMUM;750.0;750;84.451;62122;OPTIMUM;750.0;750;124.456;76186;OPTIMUM;750.0;750;103.037;76186;OPTIMUM;750.0;750;80.02;62122;OPTIMUM;750.0;750;75.721;27415;OPTIMUM;750.0;750;68.73;27415;OPTIMUM;750.0;750;73.513;21443;OPTIMUM;750.0;750;71.705;21443
instance_40_25_5_38;OPTIMUM;736.0;736;71.875;66589;OPTIMUM;736.0;736;108.643;80090;OPTIMUM;736.0;736;72.589;80090;OPTIMUM;736.0;736;72.818;66589;OPTIMUM;736.0;736;59.401;28001;OPTIMUM;736.0;736;67.424;28001;OPTIMUM;736.0;736;58.117;22004;OPTIMUM;736.0;736;55.01;22004
instance_40_25_5_39;OPTIMUM;738.0;738;50.055;63147;OPTIMUM;738.0;738;52.594;77817;OPTIMUM;738.0;738;62.813;77817;OPTIMUM;738.0;738;57.727;63851;OPTIMUM;738.0;738;41.832;27199;OPTIMUM;738.0;738;56.195;27199;OPTIMUM;738.0;738;70.4;20848;OPTIMUM;738.0;738;58.165;21552
instance_40_25_5_4;OPTIMUM;779.0;779;48.778;81449;OPTIMUM;779.0;779;50.708;95278;OPTIMUM;779.0;779;47.38;95279;OPTIMUM;779.0;779;45.929;82146;OPTIMUM;779.0;779;37.502;30753;OPTIMUM;779.0;779;37.526;30754;OPTIMUM;779.0;779;34.917;24570;OPTIMUM;779.0;779;42.404;25267
instance_40_25_5_40;OPTIMUM;769.0;769;42.472;62742;OPTIMUM;769.0;769;45.765;76724;OPTIMUM;769.0;769;46.264;76724;OPTIMUM;769.0;769;43.258;62742;OPTIMUM;769.0;769;37.086;27970;OPTIMUM;769.0;769;38.065;27970;OPTIMUM;769.0;769;34.74;21756;OPTIMUM;769.0;769;33.043;21756
instance_40_25_5_41;OPTIMUM;765.0;765;55.878;77978;OPTIMUM;765.0;765;61.893;92811;OPTIMUM;765.0;765;57.3;92864;OPTIMUM;765.0;765;52.719;78031;OPTIMUM;765.0;765;59.085;30475;OPTIMUM;765.0;765;61.114;30528;OPTIMUM;765.0;765;39.504;24087;OPTIMUM;765.0;765;47.552;24140
instance_40_25_5_42;OPTIMUM;739.0;739;29.392;46366;OPTIMUM;739.0;739;36.201;61123;OPTIMUM;739.0;739;38.861;61147;OPTIMUM;739.0;739;36.249;46390;OPTIMUM;739.0;739;29.013;24795;OPTIMUM;739.0;739;35.163;24819;OPTIMUM;739.0;739;29.227;18520;OPTIMUM;739.0;739;25.623;18544
instance_40_25_5_43;OPTIMUM;766.0;766;92.807;62782;OPTIMUM;766.0;766;146.766;77148;OPTIMUM;766.0;766;105.178;77148;OPTIMUM;766.0;766;95.304;62782;OPTIMUM;766.0;766;102.522;27956;OPTIMUM;766.0;766;150.683;27956;OPTIMUM;766.0;766;84.272;21555;OPTIMUM;766.0;766;74.976;21555
instance_40_25_5_44;OPTIMUM;783.0;783;23.653;68769;OPTIMUM;783.0;783;33.039;81826;OPTIMUM;783.0;783;30.852;81845;OPTIMUM;783.0;783;29.204;68788;OPTIMUM;783.0;783;19.298;28973;OPTIMUM;783.0;783;20.505;28992;OPTIMUM;783.0;783;21.512;23018;OPTIMUM;783.0;783;19.736;23037
instance_40_25_5_45;OPTIMUM;705.0;705;66.769;77216;OPTIMUM;705.0;705;63.416;91444;OPTIMUM;705.0;705;61.071;91444;OPTIMUM;705.0;705;68.573;77216;OPTIMUM;705.0;705;55.497;30946;OPTIMUM;705.0;705;54.821;30946;OPTIMUM;705.0;705;55.935;24789;OPTIMUM;705.0;705;53.815;24789
instance_40_25_5_46;UNSATISFIABLE;None;;0.26;0;UNSATISFIABLE;None;;0.286;0;UNSATISFIABLE;None;;0.306;0;UNSATISFIABLE;None;;0.282;0;UNSATISFIABLE;None;;0.353;0;UNSATISFIABLE;None;;0.365;0;UNSATISFIABLE;None;;0.329;0;UNSATISFIABLE;None;;0.336;0
instance_40_25_5_47;OPTIMUM;782.0;782;90.718;76910;OPTIMUM;782.0;782;103.628;90691;OPTIMUM;782.0;782;124.904;90691;OPTIMUM;782.0;782;94.744;77613;OPTIMUM;782.0;782;89.887;32142;OPTIMUM;782.0;782;89.348;32142;OPTIMUM;782.0;782;86.078;25935;OPTIMUM;782.0;782;89.888;26638
instance_40_25_5_48;OPTIMUM;768.0;768;64.194;60949;OPTIMUM;768.0;768;52.684;76096;OPTIMUM;768.0;768;52.012;76132;OPTIMUM;768.0;768;48.435;60985;OPTIMUM;768.0;768;47.593;28937;OPTIMUM;768.0;768;51.067;28973;OPTIMUM;768.0;768;53.111;22482;OPTIMUM;768.0;768;40.861;22518
instance_40_25_5_49;OPTIMUM;720.0;720;170.929;66851;OPTIMUM;720.0;720;195.061;81535;TIMEOUT;None;;300.13;0;OPTIMUM;720.0;720;245.656;67568;OPTIMUM;720.0;720;160.921;29177;OPTIMUM;720.0;720;179.106;29186;OPTIMUM;720.0;720;216.087;22798;OPTIMUM;720.0;720;249.779;23515
instance_40_25_5_5;OPTIMUM;781.0;781;64.768;80184;OPTIMUM;781.0;781;81.181;94566;OPTIMUM;781.0;781;76.023;94566;OPTIMUM;781.0;781;66.334;80184;OPTIMUM;781.0;781;56.515;32060;OPTIMUM;781.0;781;62.244;32060;OPTIMUM;781.0;781;63.136;26007;OPTIMUM;781.0;781;62.972;26007
instance_40_25_5_50;OPTIMUM;786.0;786;79.083;84140;OPTIMUM;786.0;786;116.656;97365;OPTIMUM;786.0;786;108.373;97365;OPTIMUM;786.0;786;71.709;84825;OPTIMUM;786.0;786;77.292;34225;OPTIMUM;786.0;786;77.39;34225;OPTIMUM;786.0;786;69.101;28287;OPTIMUM;786.0;786;73.117;28972
instance_40_25_5_6;OPTIMUM;768.0;768;61.944;72068;OPTIMUM;768.0;768;76.579;86216;OPTIMUM;768.0;768;70.804;86216;OPTIMUM;768.0;768;59.895;72068;OPTIMUM;768.0;768;67.706;30338;OPTIMUM;768.0;768;63.942;30338;OPTIMUM;768.0;768;53.943;24279;OPTIMUM;768.0;768;51.469;24279
instance_40_25_5_7;OPTIMUM;784.0;784;66.562;66009;OPTIMUM;784.0;784;61.907;78784;OPTIMUM;784.0;784;58.273;78784;OPTIMUM;784.0;784;70.271;66009;OPTIMUM;784.0;784;54.45;29555;OPTIMUM;784.0;784;55.598;29555;OPTIMUM;784.0;784;50.795;23801;OPTIMUM;784.0;784;53.977;23801
instance_40_25_5_8;OPTIMUM;768.0;768;53.005;63217;;;;;;OPTIMUM;768.0;768;142.213;78021;OPTIMUM;768.0;768;62.008;63241;OPTIMUM;768.0;768;52.127;27952;OPTIMUM;768.0;768;44.173;27976;OPTIMUM;768.0;768;49.84;21609;OPTIMUM;768.0;768;40.762;21633
instance_40_25_5_9;OPTIMUM;775.0;775;63.23;59478;;;;;;;;;;;OPTIMUM;775.0;775;75.121;59504;OPTIMUM;775.0;775;62.44;29059;OPTIMUM;775.0;775;62.369;29085;OPTIMUM;775.0;775;55.562;22727;OPTIMUM;775.0;775;55.269;22753
