cfg_id;label;method;objective_mode;objective_policy;delta;cardinality;ic;sb;total_runs;optimum_n;timeout_n;unsat_n;error_n;optimum_pct;mean_elapsed_s;median_elapsed_s;par2_s;mean_solve_s;mean_solver_calls;mean_variables;mean_hard_clauses;mean_soft_clauses;mean_similarity_reference;mean_similarity_lower_bound;mean_similarity_realized_loss;mean_similarity_realized_loss_ratio;mean_best_value;mean_similarity;mean_continuity;mean_overtime;std_best_value
1;ORIGINAL;epsilon;epsilon-constraint;similarity-budget;0;sorting-network;none;none;2;0;2;0;0;0.0;;;600.0;;1.0;16283.5;59936.0;532.5;;;;;;;;;
1;TOT-none-none;epsilon;epsilon-constraint;similarity-budget;0;totalizer;none;none;45;0;24;21;0;0.0;;;320.0165;;1.5333;5771.375;56060.1667;512.8333;;;;;;;;;
2;TOT-none-ss;epsilon;epsilon-constraint;similarity-budget;0;totalizer;none;slot-service;45;0;24;21;0;0.0;;;320.0173;;1.5333;6140.4583;57527.0;512.8333;;;;;;;;;
3;TOT-both-none;epsilon;epsilon-constraint;similarity-budget;0;totalizer;both;none;45;0;24;21;0;0.0;;;320.0229;;1.5333;9200.4167;72426.9167;512.8333;;;;;;;;;
4;TOT-both-ss;epsilon;epsilon-constraint;similarity-budget;0;totalizer;both;slot-service;45;0;24;21;0;0.0;;;320.0231;;1.5333;9206.75;72456.2917;512.8333;;;;;;;;;
5;ORIGINAL;epsilon;epsilon-constraint;similarity-budget;0;sorting-network;none;none;45;0;24;21;0;0.0;;;320.0182;;1.5333;14813.0833;53500.9167;512.8333;;;;;;;;;
6;SN-none-ss;epsilon;epsilon-constraint;similarity-budget;0;sorting-network;none;slot-service;45;0;24;21;0;0.0;;;320.019;;1.5333;15182.1667;54967.75;512.8333;;;;;;;;;
7;SN-both-none;epsilon;epsilon-constraint;similarity-budget;0;sorting-network;both;none;45;0;24;21;0;0.0;;;320.0296;;1.5333;21900.75;74944.9167;512.8333;;;;;;;;;
8;SN-both-ss;epsilon;epsilon-constraint;similarity-budget;0;sorting-network;both;slot-service;45;0;24;21;0;0.0;;;320.0306;;1.5333;21907.0833;74974.2917;512.8333;;;;;;;;;
1;TOT-none-none;epsilon;epsilon-constraint;similarity-budget;0.01;totalizer;none;none;45;0;24;21;0;0.0;;;320.0179;;1.5333;5771.375;56060.1667;512.8333;;;;;;;;;
2;TOT-none-ss;epsilon;epsilon-constraint;similarity-budget;0.01;totalizer;none;slot-service;45;0;24;21;0;0.0;;;320.0205;;1.5333;6140.4583;57527.0;512.8333;;;;;;;;;
3;TOT-both-none;epsilon;epsilon-constraint;similarity-budget;0.01;totalizer;both;none;45;0;24;21;0;0.0;;;320.0261;;1.5333;9200.4167;72426.9167;512.8333;;;;;;;;;
4;TOT-both-ss;epsilon;epsilon-constraint;similarity-budget;0.01;totalizer;both;slot-service;45;0;24;21;0;0.0;;;320.0268;;1.5333;9206.75;72456.2917;512.8333;;;;;;;;;
5;ORIGINAL;epsilon;epsilon-constraint;similarity-budget;0.01;sorting-network;none;none;45;0;24;21;0;0.0;;;320.0219;;1.5333;14813.0833;53500.9167;512.8333;;;;;;;;;
6;SN-none-ss;epsilon;epsilon-constraint;similarity-budget;0.01;sorting-network;none;slot-service;45;0;24;21;0;0.0;;;320.0227;;1.5333;15182.1667;54967.75;512.8333;;;;;;;;;
7;SN-both-none;epsilon;epsilon-constraint;similarity-budget;0.01;sorting-network;both;none;45;0;24;21;0;0.0;;;320.03;;1.5333;21900.75;74944.9167;512.8333;;;;;;;;;
8;SN-both-ss;epsilon;epsilon-constraint;similarity-budget;0.01;sorting-network;both;slot-service;45;0;24;21;0;0.0;;;320.0296;;1.5333;21907.0833;74974.2917;512.8333;;;;;;;;;
1;TOT-none-none;epsilon;epsilon-constraint;similarity-budget;0.025;totalizer;none;none;45;0;24;21;0;0.0;;;320.0186;;1.5778;10975.125;66467.7083;534.2083;;;;;;;;;
2;TOT-none-ss;epsilon;epsilon-constraint;similarity-budget;0.025;totalizer;none;slot-service;45;0;24;21;0;0.0;;;320.0201;;1.5778;11344.2083;67934.5417;534.2083;;;;;;;;;
3;TOT-both-none;epsilon;epsilon-constraint;similarity-budget;0.025;totalizer;both;none;45;0;24;21;0;0.0;;;320.0261;;1.5778;14404.1667;82834.4583;534.2083;;;;;;;;;
4;TOT-both-ss;epsilon;epsilon-constraint;similarity-budget;0.025;totalizer;both;slot-service;45;0;24;21;0;0.0;;;320.0264;;1.5778;14410.5;82863.8333;534.2083;;;;;;;;;
5;ORIGINAL;epsilon;epsilon-constraint;similarity-budget;0.025;sorting-network;none;none;45;0;24;21;0;0.0;;;320.0205;;1.5778;20016.8333;63908.4583;534.2083;;;;;;;;;
6;SN-none-ss;epsilon;epsilon-constraint;similarity-budget;0.025;sorting-network;none;slot-service;45;0;24;21;0;0.0;;;320.0218;;1.5778;20385.9167;65375.2917;534.2083;;;;;;;;;
7;SN-both-none;epsilon;epsilon-constraint;similarity-budget;0.025;sorting-network;both;none;45;0;24;21;0;0.0;;;320.029;;1.5778;27104.5;85352.4583;534.2083;;;;;;;;;
8;SN-both-ss;epsilon;epsilon-constraint;similarity-budget;0.025;sorting-network;both;slot-service;45;0;24;21;0;0.0;;;320.0303;;1.5778;27110.8333;85381.8333;534.2083;;;;;;;;;
1;TOT-none-none;epsilon;epsilon-constraint;similarity-budget;0.05;totalizer;none;none;47;1;24;22;0;2.1;235.6732;235.6732;311.4176;235.0887;1.5957;13133.68;71129.72;552.04;377.0;359.0;4.0;0.0106;373.0;373.0;0.0;0.0;
2;TOT-none-ss;epsilon;epsilon-constraint;similarity-budget;0.05;totalizer;none;slot-service;47;1;24;22;0;2.1;263.5975;263.5975;312.0132;262.9968;1.5745;11111.32;67784.52;533.96;377.0;359.0;4.0;0.0106;373.0;373.0;0.0;0.0;
3;TOT-both-none;epsilon;epsilon-constraint;similarity-budget;0.05;totalizer;both;none;47;1;24;22;0;2.1;265.8469;265.8469;312.0665;265.2352;1.5745;14190.48;82763.64;533.96;377.0;359.0;4.0;0.0106;373.0;373.0;0.0;0.0;
4;TOT-both-ss;epsilon;epsilon-constraint;similarity-budget;0.05;totalizer;both;slot-service;47;1;24;22;0;2.1;286.4855;286.4855;312.506;285.8629;1.5745;14196.56;82791.84;533.96;377.0;359.0;4.0;0.0106;373.0;373.0;0.0;0.0;
5;ORIGINAL;epsilon;epsilon-constraint;similarity-budget;0.05;sorting-network;none;none;47;1;24;22;0;2.1;198.6768;198.6768;310.6321;198.0908;1.5957;23405.08;70803.88;546.24;377.0;359.0;4.0;0.0106;373.0;373.0;0.0;0.0;
6;SN-none-ss;epsilon;epsilon-constraint;similarity-budget;0.05;sorting-network;none;slot-service;47;1;24;22;0;2.1;194.3136;194.3136;310.5392;193.7532;1.5957;23753.44;72200.12;550.12;377.0;359.0;4.0;0.0106;373.0;373.0;0.0;0.0;
7;SN-both-none;epsilon;epsilon-constraint;similarity-budget;0.05;sorting-network;both;none;47;1;24;22;0;2.1;182.4195;182.4195;310.2934;181.838;1.6383;36089.72;103456.36;583.08;377.0;359.0;4.0;0.0106;373.0;373.0;0.0;0.0;
8;SN-both-ss;epsilon;epsilon-constraint;similarity-budget;0.05;sorting-network;both;slot-service;47;1;24;22;0;2.1;270.4871;270.4871;312.1675;269.9043;1.5957;29286.96;89866.88;552.04;377.0;359.0;4.0;0.0106;373.0;373.0;0.0;0.0;
1;TOT-none-none;epsilon;epsilon-constraint;similarity-budget;0.10;totalizer;none;none;49;2;24;23;0;4.1;130.2394;130.2394;299.2124;129.6987;1.7959;40591.1923;126049.6154;620.8077;367.5;331.5;11.0;0.0304;355.5;356.5;1.0;0.0;24.7487
2;TOT-none-ss;epsilon;epsilon-constraint;similarity-budget;0.10;totalizer;none;slot-service;49;4;22;23;0;8.2;179.8671;219.8343;284.0905;179.2296;1.7959;40947.7308;127464.6154;620.8077;374.5;337.5;8.0;0.0218;364.5;366.5;2.0;0.0;18.0462
3;TOT-both-none;epsilon;epsilon-constraint;similarity-budget;0.10;totalizer;both;none;49;3;23;23;0;6.1;176.5645;157.1475;292.4691;175.9443;1.7755;41284.8846;136941.9615;603.9615;372.0;335.3333;9.3333;0.0255;360.0;362.6667;2.6667;0.0;19.1572
4;TOT-both-ss;epsilon;epsilon-constraint;similarity-budget;0.10;totalizer;both;slot-service;47;2;23;22;0;4.3;149.8786;149.8786;300.022;149.2948;1.766;40427.08;135253.64;624.44;367.5;331.5;11.0;0.0304;355.5;356.5;1.0;0.0;24.7487
5;ORIGINAL;epsilon;epsilon-constraint;similarity-budget;0.10;sorting-network;none;none;49;2;24;23;0;4.1;105.4197;105.4197;298.2022;104.8558;1.8163;52031.5;127969.3462;620.8077;367.5;331.5;11.0;0.0304;355.5;356.5;1.0;0.0;24.7487
6;SN-none-ss;epsilon;epsilon-constraint;similarity-budget;0.10;sorting-network;none;slot-service;49;2;24;23;0;4.1;94.7309;94.7309;297.7658;94.2003;1.8163;55474.5385;135554.8077;645.5;367.5;331.5;11.0;0.0304;355.5;356.5;1.0;0.0;24.7487
7;SN-both-none;epsilon;epsilon-constraint;similarity-budget;0.10;sorting-network;both;none;49;2;24;23;0;4.1;136.3429;136.3429;299.4715;135.7837;1.7959;57386.2692;145947.0;618.3462;367.5;331.5;11.0;0.0304;355.5;356.5;1.0;0.0;24.7487
8;SN-both-ss;epsilon;epsilon-constraint;similarity-budget;0.10;sorting-network;both;slot-service;49;2;24;23;0;4.1;132.2436;132.2436;299.3052;131.6799;1.8163;59659.8462;150510.3846;635.5769;367.5;331.5;11.0;0.0304;355.5;356.5;1.0;0.0;24.7487
