cfg_id;label;backend;formulation;instance_name;status;elapsed_s;build_s;solve_s;verify_s;variables;constraints;explored;similarity;continuity;overtime;coverage;weighted_score
1;GUROBI-MIP;gurobi-mip;mip-e;instance_30_15_4_1;OPTIMUM;0.2633;0.0063;0.0425;0.0001;3371;3079;1;450;7;0;120;443
1;GUROBI-MIP;gurobi-mip;mip-e;instance_30_15_4_10;OPTIMUM;0.0438;0.0053;0.0353;0.0001;2858;2791;1;426;8;0;120;418
1;GUROBI-MIP;gurobi-mip;mip-e;instance_30_15_4_11;PARSE_ERROR;;;;;;;;;;;;
1;GUROBI-MIP;gurobi-mip;mip-e;instance_30_15_4_12;PARSE_ERROR;;;;;;;;;;;;
1;GUROBI-MIP;gurobi-mip;mip-e;instance_30_15_4_13;OPTIMUM;0.0659;0.0045;0.0577;0.0001;2204;2192;1;388;5;0;120;383
1;GUROBI-MIP;gurobi-mip;mip-e;instance_30_15_4_14;OPTIMUM;0.0506;0.0057;0.0411;0.0001;3089;2948;1;423;11;0;120;412
1;GUROBI-MIP;gurobi-mip;mip-e;instance_30_15_4_15;OPTIMUM;0.0552;0.0061;0.0457;0.0001;3341;3041;1;451;3;0;120;448
1;GUROBI-MIP;gurobi-mip;mip-e;instance_30_15_4_16;OPTIMUM;0.0353;0.0045;0.0275;0.0001;2300;2344;1;402;3;0;120;399
1;GUROBI-MIP;gurobi-mip;mip-e;instance_30_15_4_17;OPTIMUM;0.0429;0.0052;0.0345;0.0001;2875;2724;1;427;5;0;120;422
1;GUROBI-MIP;gurobi-mip;mip-e;instance_30_15_4_18;OPTIMUM;0.0658;0.0071;0.0553;0.0001;3959;3386;1;463;5;0;120;458
1;GUROBI-MIP;gurobi-mip;mip-e;instance_30_15_4_19;PARSE_ERROR;;;;;;;;;;;;
1;GUROBI-MIP;gurobi-mip;mip-e;instance_30_15_4_2;OPTIMUM;0.0487;0.0044;0.0412;0.0001;2165;2208;1;378;4;0;120;374
1;GUROBI-MIP;gurobi-mip;mip-e;instance_30_15_4_20;OPTIMUM;0.0376;0.0047;0.0297;0.0001;2444;2469;1;434;6;0;120;428
1;GUROBI-MIP;gurobi-mip;mip-e;instance_30_15_4_21;INFEASIBLE;0.0084;0.0038;0.0019;0.0000;1837;1922;0;;;;;
1;GUROBI-MIP;gurobi-mip;mip-e;instance_30_15_4_22;PARSE_ERROR;;;;;;;;;;;;
1;GUROBI-MIP;gurobi-mip;mip-e;instance_30_15_4_23;PARSE_ERROR;;;;;;;;;;;;
1;GUROBI-MIP;gurobi-mip;mip-e;instance_30_15_4_24;OPTIMUM;0.0516;0.0061;0.0424;0.0001;3343;3066;1;450;3;0;120;447
1;GUROBI-MIP;gurobi-mip;mip-e;instance_30_15_4_25;OPTIMUM;0.0348;0.0045;0.0271;0.0001;2287;2294;1;411;3;0;120;408
1;GUROBI-MIP;gurobi-mip;mip-e;instance_30_15_4_26;PARSE_ERROR;;;;;;;;;;;;
1;GUROBI-MIP;gurobi-mip;mip-e;instance_30_15_4_27;OPTIMUM;0.0485;0.0054;0.0398;0.0001;2917;2741;1;416;6;0;120;410
1;GUROBI-MIP;gurobi-mip;mip-e;instance_30_15_4_28;PARSE_ERROR;;;;;;;;;;;;
1;GUROBI-MIP;gurobi-mip;mip-e;instance_30_15_4_29;OPTIMUM;0.0306;0.0045;0.0231;0.0001;2095;2159;1;409;4;0;120;405
1;GUROBI-MIP;gurobi-mip;mip-e;instance_30_15_4_3;OPTIMUM;0.0519;0.0060;0.0429;0.0001;3366;3038;1;443;5;0;120;438
1;GUROBI-MIP;gurobi-mip;mip-e;instance_30_15_4_30;OPTIMUM;0.0560;0.0064;0.0463;0.0001;3307;3074;1;441;4;0;120;437
1;GUROBI-MIP;gurobi-mip;mip-e;instance_30_15_4_31;OPTIMUM;0.0529;0.0060;0.0437;0.0001;3331;3021;1;418;6;0;120;412
1;GUROBI-MIP;gurobi-mip;mip-e;instance_30_15_4_32;OPTIMUM;0.0521;0.0056;0.0433;0.0001;3155;2791;1;390;3;0;120;387
1;GUROBI-MIP;gurobi-mip;mip-e;instance_30_15_4_33;OPTIMUM;0.0496;0.0058;0.0408;0.0001;3223;2979;1;438;3;0;120;435
1;GUROBI-MIP;gurobi-mip;mip-e;instance_30_15_4_34;PARSE_ERROR;;;;;;;;;;;;
1;GUROBI-MIP;gurobi-mip;mip-e;instance_30_15_4_35;PARSE_ERROR;;;;;;;;;;;;
1;GUROBI-MIP;gurobi-mip;mip-e;instance_30_15_4_36;PARSE_ERROR;;;;;;;;;;;;
1;GUROBI-MIP;gurobi-mip;mip-e;instance_30_15_4_37;OPTIMUM;0.0434;0.0054;0.0346;0.0001;2865;2755;1;432;5;0;120;427
1;GUROBI-MIP;gurobi-mip;mip-e;instance_30_15_4_38;OPTIMUM;0.0467;0.0052;0.0382;0.0001;2845;2745;1;403;1;0;120;402
1;GUROBI-MIP;gurobi-mip;mip-e;instance_30_15_4_39;OPTIMUM;0.0517;0.0064;0.0420;0.0001;3288;3013;1;450;3;0;120;447
1;GUROBI-MIP;gurobi-mip;mip-e;instance_30_15_4_4;PARSE_ERROR;;;;;;;;;;;;
1;GUROBI-MIP;gurobi-mip;mip-e;instance_30_15_4_40;PARSE_ERROR;;;;;;;;;;;;
1;GUROBI-MIP;gurobi-mip;mip-e;instance_30_15_4_41;PARSE_ERROR;;;;;;;;;;;;
1;GUROBI-MIP;gurobi-mip;mip-e;instance_30_15_4_42;OPTIMUM;0.0599;0.0060;0.0504;0.0001;3363;3102;1;441;4;0;120;437
1;GUROBI-MIP;gurobi-mip;mip-e;instance_30_15_4_43;PARSE_ERROR;;;;;;;;;;;;
1;GUROBI-MIP;gurobi-mip;mip-e;instance_30_15_4_44;PARSE_ERROR;;;;;;;;;;;;
1;GUROBI-MIP;gurobi-mip;mip-e;instance_30_15_4_45;OPTIMUM;0.0570;0.0064;0.0472;0.0001;3586;3190;1;426;4;0;120;422
1;GUROBI-MIP;gurobi-mip;mip-e;instance_30_15_4_46;PARSE_ERROR;;;;;;;;;;;;
1;GUROBI-MIP;gurobi-mip;mip-e;instance_30_15_4_47;OPTIMUM;0.0423;0.0052;0.0337;0.0001;2811;2697;1;433;5;0;120;428
1;GUROBI-MIP;gurobi-mip;mip-e;instance_30_15_4_48;OPTIMUM;0.0440;0.0054;0.0351;0.0001;2913;2779;1;434;3;0;120;431
1;GUROBI-MIP;gurobi-mip;mip-e;instance_30_15_4_49;OPTIMUM;0.0431;0.0055;0.0345;0.0001;2912;2738;1;442;6;0;120;436
1;GUROBI-MIP;gurobi-mip;mip-e;instance_30_15_4_5;OPTIMUM;0.0455;0.0051;0.0372;0.0001;2772;2611;1;430;9;0;120;421
1;GUROBI-MIP;gurobi-mip;mip-e;instance_30_15_4_50;OPTIMUM;0.0329;0.0047;0.0253;0.0001;2294;2254;1;415;11;0;120;404
1;GUROBI-MIP;gurobi-mip;mip-e;instance_30_15_4_6;OPTIMUM;0.0397;0.0051;0.0317;0.0001;2621;2606;1;446;5;0;120;441
1;GUROBI-MIP;gurobi-mip;mip-e;instance_30_15_4_7;PARSE_ERROR;;;;;;;;;;;;
1;GUROBI-MIP;gurobi-mip;mip-e;instance_30_15_4_8;INFEASIBLE;0.0112;0.0059;0.0024;0.0000;3104;2911;0;;;;;
1;GUROBI-MIP;gurobi-mip;mip-e;instance_30_15_4_9;PARSE_ERROR;;;;;;;;;;;;
1;GUROBI-MIP;gurobi-mip;mip-e;instance_40_25_5_1;OPTIMUM;0.1488;0.0139;0.1301;0.0002;7806;6177;1;782;3;0;200;779
1;GUROBI-MIP;gurobi-mip;mip-e;instance_40_25_5_10;PARSE_ERROR;;;;;;;;;;;;
1;GUROBI-MIP;gurobi-mip;mip-e;instance_40_25_5_11;OPTIMUM;0.1404;0.0152;0.1205;0.0002;8366;6741;1;784;1;0;200;783
1;GUROBI-MIP;gurobi-mip;mip-e;instance_40_25_5_12;OPTIMUM;0.1215;0.0140;0.1029;0.0002;7935;6437;1;784;3;0;200;781
1;GUROBI-MIP;gurobi-mip;mip-e;instance_40_25_5_13;OPTIMUM;0.1434;0.0156;0.1232;0.0002;8187;6772;1;787;3;0;200;784
1;GUROBI-MIP;gurobi-mip;mip-e;instance_40_25_5_14;OPTIMUM;0.1805;0.0161;0.1595;0.0003;9031;7290;1;781;0;0;200;781
1;GUROBI-MIP;gurobi-mip;mip-e;instance_40_25_5_15;OPTIMUM;0.1418;0.0142;0.1229;0.0002;7991;6437;1;720;5;0;200;715
1;GUROBI-MIP;gurobi-mip;mip-e;instance_40_25_5_16;OPTIMUM;0.1249;0.0134;0.1066;0.0002;7425;6080;1;764;5;0;200;759
1;GUROBI-MIP;gurobi-mip;mip-e;instance_40_25_5_17;OPTIMUM;0.1376;0.0143;0.1183;0.0002;7867;6418;1;753;8;0;200;745
1;GUROBI-MIP;gurobi-mip;mip-e;instance_40_25_5_18;OPTIMUM;0.1371;0.0158;0.1166;0.0002;8262;6693;1;786;2;0;200;784
1;GUROBI-MIP;gurobi-mip;mip-e;instance_40_25_5_19;OPTIMUM;0.1099;0.0113;0.0943;0.0002;5910;5212;1;741;7;0;200;734
1;GUROBI-MIP;gurobi-mip;mip-e;instance_40_25_5_2;PARSE_ERROR;;;;;;;;;;;;
1;GUROBI-MIP;gurobi-mip;mip-e;instance_40_25_5_20;OPTIMUM;0.2127;0.0151;0.1928;0.0002;8180;6439;1;772;5;0;200;767
1;GUROBI-MIP;gurobi-mip;mip-e;instance_40_25_5_21;OPTIMUM;0.1378;0.0157;0.1170;0.0002;8490;6813;1;760;2;0;200;758
1;GUROBI-MIP;gurobi-mip;mip-e;instance_40_25_5_22;OPTIMUM;0.1350;0.0132;0.1171;0.0002;6757;5793;1;770;9;0;200;761
1;GUROBI-MIP;gurobi-mip;mip-e;instance_40_25_5_23;PARSE_ERROR;;;;;;;;;;;;
1;GUROBI-MIP;gurobi-mip;mip-e;instance_40_25_5_24;OPTIMUM;0.1141;0.0117;0.0982;0.0002;6415;5517;1;751;13;0;200;738
1;GUROBI-MIP;gurobi-mip;mip-e;instance_40_25_5_25;OPTIMUM;0.1124;0.0117;0.0964;0.0002;6367;5530;1;769;8;0;200;761
1;GUROBI-MIP;gurobi-mip;mip-e;instance_40_25_5_26;OPTIMUM;0.1465;0.0156;0.1257;0.0002;8367;6757;1;778;2;0;200;776
1;GUROBI-MIP;gurobi-mip;mip-e;instance_40_25_5_27;OPTIMUM;0.1227;0.0118;0.1064;0.0002;6288;5519;1;754;15;0;200;739
1;GUROBI-MIP;gurobi-mip;mip-e;instance_40_25_5_28;OPTIMUM;0.1329;0.0144;0.1136;0.0002;7869;6569;1;750;8;0;200;742
1;GUROBI-MIP;gurobi-mip;mip-e;instance_40_25_5_29;OPTIMUM;0.1062;0.0128;0.0890;0.0002;6686;5707;1;752;6;0;200;746
1;GUROBI-MIP;gurobi-mip;mip-e;instance_40_25_5_3;PARSE_ERROR;;;;;;;;;;;;
1;GUROBI-MIP;gurobi-mip;mip-e;instance_40_25_5_30;OPTIMUM;0.1422;0.0160;0.1205;0.0002;9104;7202;1;771;5;0;200;766
1;GUROBI-MIP;gurobi-mip;mip-e;instance_40_25_5_31;PARSE_ERROR;;;;;;;;;;;;
1;GUROBI-MIP;gurobi-mip;mip-e;instance_40_25_5_32;OPTIMUM;0.1385;0.0147;0.1188;0.0002;7826;6652;1;721;11;0;200;710
1;GUROBI-MIP;gurobi-mip;mip-e;instance_40_25_5_33;PARSE_ERROR;;;;;;;;;;;;
1;GUROBI-MIP;gurobi-mip;mip-e;instance_40_25_5_34;PARSE_ERROR;;;;;;;;;;;;
1;GUROBI-MIP;gurobi-mip;mip-e;instance_40_25_5_35;PARSE_ERROR;;;;;;;;;;;;
1;GUROBI-MIP;gurobi-mip;mip-e;instance_40_25_5_36;OPTIMUM;0.1502;0.0154;0.1294;0.0002;8531;6890;1;788;0;0;200;788
1;GUROBI-MIP;gurobi-mip;mip-e;instance_40_25_5_37;OPTIMUM;0.1313;0.0142;0.1121;0.0002;7699;6496;1;754;4;0;200;750
1;GUROBI-MIP;gurobi-mip;mip-e;instance_40_25_5_38;OPTIMUM;0.1452;0.0125;0.1284;0.0002;6726;5915;1;741;5;0;200;736
1;GUROBI-MIP;gurobi-mip;mip-e;instance_40_25_5_39;OPTIMUM;0.1233;0.0129;0.1059;0.0002;6492;5387;1;748;10;0;200;738
1;GUROBI-MIP;gurobi-mip;mip-e;instance_40_25_5_4;PARSE_ERROR;;;;;;;;;;;;
1;GUROBI-MIP;gurobi-mip;mip-e;instance_40_25_5_40;OPTIMUM;0.1198;0.0140;0.1010;0.0002;7792;6455;1;775;6;0;200;769
1;GUROBI-MIP;gurobi-mip;mip-e;instance_40_25_5_41;OPTIMUM;0.1553;0.0153;0.1345;0.0002;8669;6835;1;770;5;0;200;765
1;GUROBI-MIP;gurobi-mip;mip-e;instance_40_25_5_42;OPTIMUM;0.1157;0.0132;0.0978;0.0002;6886;5873;1;747;8;0;200;739
1;GUROBI-MIP;gurobi-mip;mip-e;instance_40_25_5_43;PARSE_ERROR;;;;;;;;;;;;
1;GUROBI-MIP;gurobi-mip;mip-e;instance_40_25_5_44;OPTIMUM;0.1510;0.0148;0.1314;0.0002;8468;6856;1;786;3;0;200;783
1;GUROBI-MIP;gurobi-mip;mip-e;instance_40_25_5_45;OPTIMUM;0.1550;0.0146;0.1354;0.0002;7993;6603;1;711;6;0;200;705
1;GUROBI-MIP;gurobi-mip;mip-e;instance_40_25_5_46;INFEASIBLE;0.0254;0.0158;0.0055;0.0000;8709;6987;0;;;;;
1;GUROBI-MIP;gurobi-mip;mip-e;instance_40_25_5_47;OPTIMUM;0.1356;0.0167;0.1137;0.0002;9002;7177;1;785;3;0;200;782
1;GUROBI-MIP;gurobi-mip;mip-e;instance_40_25_5_48;OPTIMUM;0.1377;0.0147;0.1185;0.0002;8403;6784;1;769;1;0;200;768
1;GUROBI-MIP;gurobi-mip;mip-e;instance_40_25_5_49;OPTIMUM;0.1583;0.0133;0.1404;0.0002;7358;6129;1;734;14;0;200;720
1;GUROBI-MIP;gurobi-mip;mip-e;instance_40_25_5_5;OPTIMUM;0.1233;0.0149;0.1036;0.0002;8268;6681;1;787;6;0;200;781
1;GUROBI-MIP;gurobi-mip;mip-e;instance_40_25_5_50;OPTIMUM;0.1521;0.0160;0.1310;0.0002;9009;7033;1;791;5;0;200;786
1;GUROBI-MIP;gurobi-mip;mip-e;instance_40_25_5_6;PARSE_ERROR;;;;;;;;;;;;
1;GUROBI-MIP;gurobi-mip;mip-e;instance_40_25_5_7;OPTIMUM;0.1396;0.0167;0.1174;0.0002;9134;7208;1;785;1;0;200;784
1;GUROBI-MIP;gurobi-mip;mip-e;instance_40_25_5_8;OPTIMUM;0.1832;0.0137;0.1646;0.0002;7559;6317;1;772;4;0;200;768
1;GUROBI-MIP;gurobi-mip;mip-e;instance_40_25_5_9;OPTIMUM;0.1361;0.0151;0.1163;0.0002;8465;6891;1;776;1;0;200;775
2;CPLEX-MIP;cplex-mip;mip-e;instance_30_15_4_1;OPTIMUM;0.0747;0.0067;0.0669;0.0001;3371;3079;0;450;7;0;120;443
2;CPLEX-MIP;cplex-mip;mip-e;instance_30_15_4_10;OPTIMUM;0.0664;0.0064;0.0590;0.0001;2858;2791;0;425;7;0;120;418
2;CPLEX-MIP;cplex-mip;mip-e;instance_30_15_4_11;PARSE_ERROR;;;;;;;;;;;;
2;CPLEX-MIP;cplex-mip;mip-e;instance_30_15_4_12;PARSE_ERROR;;;;;;;;;;;;
2;CPLEX-MIP;cplex-mip;mip-e;instance_30_15_4_13;OPTIMUM;0.0762;0.0046;0.0707;0.0001;2204;2192;0;386;3;0;120;383
2;CPLEX-MIP;cplex-mip;mip-e;instance_30_15_4_14;OPTIMUM;0.0780;0.0063;0.0706;0.0001;3089;2948;0;424;12;0;120;412
2;CPLEX-MIP;cplex-mip;mip-e;instance_30_15_4_15;OPTIMUM;0.0982;0.0067;0.0905;0.0001;3341;3041;0;452;4;0;120;448
2;CPLEX-MIP;cplex-mip;mip-e;instance_30_15_4_16;OPTIMUM;0.0551;0.0047;0.0496;0.0001;2300;2344;0;401;2;0;120;399
2;CPLEX-MIP;cplex-mip;mip-e;instance_30_15_4_17;OPTIMUM;0.0689;0.0059;0.0620;0.0001;2875;2724;0;427;5;0;120;422
2;CPLEX-MIP;cplex-mip;mip-e;instance_30_15_4_18;OPTIMUM;0.1011;0.0075;0.0924;0.0001;3959;3386;0;463;5;0;120;458
2;CPLEX-MIP;cplex-mip;mip-e;instance_30_15_4_19;PARSE_ERROR;;;;;;;;;;;;
2;CPLEX-MIP;cplex-mip;mip-e;instance_30_15_4_2;OPTIMUM;0.0592;0.0047;0.0536;0.0001;2165;2208;0;378;4;0;120;374
2;CPLEX-MIP;cplex-mip;mip-e;instance_30_15_4_20;OPTIMUM;0.0658;0.0052;0.0596;0.0001;2444;2469;0;434;6;0;120;428
2;CPLEX-MIP;cplex-mip;mip-e;instance_30_15_4_21;INFEASIBLE;0.0055;0.0041;0.0006;0.0000;1837;1922;0;;;;;
2;CPLEX-MIP;cplex-mip;mip-e;instance_30_15_4_22;PARSE_ERROR;;;;;;;;;;;;
2;CPLEX-MIP;cplex-mip;mip-e;instance_30_15_4_23;PARSE_ERROR;;;;;;;;;;;;
2;CPLEX-MIP;cplex-mip;mip-e;instance_30_15_4_24;OPTIMUM;0.0680;0.0064;0.0604;0.0001;3343;3066;0;449;2;0;120;447
2;CPLEX-MIP;cplex-mip;mip-e;instance_30_15_4_25;OPTIMUM;0.0572;0.0051;0.0512;0.0001;2287;2294;0;411;3;0;120;408
2;CPLEX-MIP;cplex-mip;mip-e;instance_30_15_4_26;PARSE_ERROR;;;;;;;;;;;;
2;CPLEX-MIP;cplex-mip;mip-e;instance_30_15_4_27;OPTIMUM;0.0651;0.0059;0.0581;0.0001;2917;2741;0;414;4;0;120;410
2;CPLEX-MIP;cplex-mip;mip-e;instance_30_15_4_28;PARSE_ERROR;;;;;;;;;;;;
2;CPLEX-MIP;cplex-mip;mip-e;instance_30_15_4_29;OPTIMUM;0.0530;0.0045;0.0476;0.0001;2095;2159;0;409;4;0;120;405
2;CPLEX-MIP;cplex-mip;mip-e;instance_30_15_4_3;OPTIMUM;0.0834;0.0064;0.0760;0.0001;3366;3038;0;443;5;0;120;438
2;CPLEX-MIP;cplex-mip;mip-e;instance_30_15_4_30;OPTIMUM;0.0825;0.0062;0.0754;0.0001;3307;3074;0;443;6;0;120;437
2;CPLEX-MIP;cplex-mip;mip-e;instance_30_15_4_31;OPTIMUM;0.0737;0.0066;0.0661;0.0001;3331;3021;0;419;7;0;120;412
2;CPLEX-MIP;cplex-mip;mip-e;instance_30_15_4_32;OPTIMUM;0.0940;0.0059;0.0872;0.0001;3155;2791;0;390;3;0;120;387
2;CPLEX-MIP;cplex-mip;mip-e;instance_30_15_4_33;OPTIMUM;0.0771;0.0068;0.0692;0.0001;3223;2979;0;437;2;0;120;435
2;CPLEX-MIP;cplex-mip;mip-e;instance_30_15_4_34;PARSE_ERROR;;;;;;;;;;;;
2;CPLEX-MIP;cplex-mip;mip-e;instance_30_15_4_35;PARSE_ERROR;;;;;;;;;;;;
2;CPLEX-MIP;cplex-mip;mip-e;instance_30_15_4_36;PARSE_ERROR;;;;;;;;;;;;
2;CPLEX-MIP;cplex-mip;mip-e;instance_30_15_4_37;OPTIMUM;0.0733;0.0059;0.0663;0.0001;2865;2755;0;432;5;0;120;427
2;CPLEX-MIP;cplex-mip;mip-e;instance_30_15_4_38;OPTIMUM;0.0977;0.0062;0.0905;0.0001;2845;2745;0;405;3;0;120;402
2;CPLEX-MIP;cplex-mip;mip-e;instance_30_15_4_39;OPTIMUM;0.0855;0.0067;0.0778;0.0001;3288;3013;0;450;3;0;120;447
2;CPLEX-MIP;cplex-mip;mip-e;instance_30_15_4_4;PARSE_ERROR;;;;;;;;;;;;
2;CPLEX-MIP;cplex-mip;mip-e;instance_30_15_4_40;PARSE_ERROR;;;;;;;;;;;;
2;CPLEX-MIP;cplex-mip;mip-e;instance_30_15_4_41;PARSE_ERROR;;;;;;;;;;;;
2;CPLEX-MIP;cplex-mip;mip-e;instance_30_15_4_42;OPTIMUM;0.0829;0.0067;0.0751;0.0001;3363;3102;0;441;4;0;120;437
2;CPLEX-MIP;cplex-mip;mip-e;instance_30_15_4_43;PARSE_ERROR;;;;;;;;;;;;
2;CPLEX-MIP;cplex-mip;mip-e;instance_30_15_4_44;PARSE_ERROR;;;;;;;;;;;;
2;CPLEX-MIP;cplex-mip;mip-e;instance_30_15_4_45;OPTIMUM;0.0881;0.0072;0.0798;0.0001;3586;3190;0;425;3;0;120;422
2;CPLEX-MIP;cplex-mip;mip-e;instance_30_15_4_46;PARSE_ERROR;;;;;;;;;;;;
2;CPLEX-MIP;cplex-mip;mip-e;instance_30_15_4_47;OPTIMUM;0.0554;0.0058;0.0485;0.0001;2811;2697;0;432;4;0;120;428
2;CPLEX-MIP;cplex-mip;mip-e;instance_30_15_4_48;OPTIMUM;0.0749;0.0058;0.0681;0.0001;2913;2779;0;434;3;0;120;431
2;CPLEX-MIP;cplex-mip;mip-e;instance_30_15_4_49;OPTIMUM;0.0741;0.0061;0.0670;0.0001;2912;2738;0;441;5;0;120;436
2;CPLEX-MIP;cplex-mip;mip-e;instance_30_15_4_5;OPTIMUM;0.0626;0.0056;0.0560;0.0001;2772;2611;0;428;7;0;120;421
2;CPLEX-MIP;cplex-mip;mip-e;instance_30_15_4_50;OPTIMUM;0.0521;0.0052;0.0458;0.0001;2294;2254;0;415;11;0;120;404
2;CPLEX-MIP;cplex-mip;mip-e;instance_30_15_4_6;OPTIMUM;0.0655;0.0055;0.0589;0.0001;2621;2606;0;446;5;0;120;441
2;CPLEX-MIP;cplex-mip;mip-e;instance_30_15_4_7;PARSE_ERROR;;;;;;;;;;;;
2;CPLEX-MIP;cplex-mip;mip-e;instance_30_15_4_8;INFEASIBLE;0.0080;0.0062;0.0009;0.0000;3104;2911;0;;;;;
2;CPLEX-MIP;cplex-mip;mip-e;instance_30_15_4_9;PARSE_ERROR;;;;;;;;;;;;
2;CPLEX-MIP;cplex-mip;mip-e;instance_40_25_5_1;OPTIMUM;0.2370;0.0145;0.2199;0.0002;7806;6177;0;781;2;0;200;779
2;CPLEX-MIP;cplex-mip;mip-e;instance_40_25_5_10;PARSE_ERROR;;;;;;;;;;;;
2;CPLEX-MIP;cplex-mip;mip-e;instance_40_25_5_11;OPTIMUM;0.1750;0.0159;0.1570;0.0002;8366;6741;0;784;1;0;200;783
2;CPLEX-MIP;cplex-mip;mip-e;instance_40_25_5_12;OPTIMUM;0.2407;0.0156;0.2226;0.0002;7935;6437;0;784;3;0;200;781
2;CPLEX-MIP;cplex-mip;mip-e;instance_40_25_5_13;OPTIMUM;0.2176;0.0162;0.1986;0.0002;8187;6772;0;786;2;0;200;784
2;CPLEX-MIP;cplex-mip;mip-e;instance_40_25_5_14;OPTIMUM;0.2224;0.0161;0.2043;0.0002;9031;7290;0;781;0;0;200;781
2;CPLEX-MIP;cplex-mip;mip-e;instance_40_25_5_15;OPTIMUM;0.2170;0.0150;0.1998;0.0002;7991;6437;0;719;4;0;200;715
2;CPLEX-MIP;cplex-mip;mip-e;instance_40_25_5_16;OPTIMUM;0.1897;0.0133;0.1742;0.0002;7425;6080;0;764;5;0;200;759
2;CPLEX-MIP;cplex-mip;mip-e;instance_40_25_5_17;OPTIMUM;0.2486;0.0149;0.2313;0.0002;7867;6418;0;753;8;0;200;745
2;CPLEX-MIP;cplex-mip;mip-e;instance_40_25_5_18;OPTIMUM;0.1985;0.0146;0.1820;0.0002;8262;6693;0;786;2;0;200;784
2;CPLEX-MIP;cplex-mip;mip-e;instance_40_25_5_19;OPTIMUM;0.1747;0.0118;0.1610;0.0002;5910;5212;0;742;8;0;200;734
2;CPLEX-MIP;cplex-mip;mip-e;instance_40_25_5_2;PARSE_ERROR;;;;;;;;;;;;
2;CPLEX-MIP;cplex-mip;mip-e;instance_40_25_5_20;OPTIMUM;0.2770;0.0149;0.2596;0.0002;8180;6439;0;772;5;0;200;767
2;CPLEX-MIP;cplex-mip;mip-e;instance_40_25_5_21;OPTIMUM;0.2164;0.0166;0.1973;0.0002;8490;6813;0;760;2;0;200;758
2;CPLEX-MIP;cplex-mip;mip-e;instance_40_25_5_22;OPTIMUM;0.1902;0.0132;0.1750;0.0002;6757;5793;0;770;9;0;200;761
2;CPLEX-MIP;cplex-mip;mip-e;instance_40_25_5_23;PARSE_ERROR;;;;;;;;;;;;
2;CPLEX-MIP;cplex-mip;mip-e;instance_40_25_5_24;OPTIMUM;0.1569;0.0126;0.1420;0.0003;6415;5517;0;751;13;0;200;738
2;CPLEX-MIP;cplex-mip;mip-e;instance_40_25_5_25;OPTIMUM;0.1626;0.0129;0.1478;0.0002;6367;5530;0;769;8;0;200;761
2;CPLEX-MIP;cplex-mip;mip-e;instance_40_25_5_26;OPTIMUM;0.2511;0.0163;0.2320;0.0002;8367;6757;0;777;1;0;200;776
2;CPLEX-MIP;cplex-mip;mip-e;instance_40_25_5_27;OPTIMUM;0.1902;0.0122;0.1763;0.0002;6288;5519;0;753;14;0;200;739
2;CPLEX-MIP;cplex-mip;mip-e;instance_40_25_5_28;OPTIMUM;0.1991;0.0157;0.1812;0.0002;7869;6569;0;750;8;0;200;742
2;CPLEX-MIP;cplex-mip;mip-e;instance_40_25_5_29;OPTIMUM;0.1928;0.0136;0.1771;0.0002;6686;5707;0;753;7;0;200;746
2;CPLEX-MIP;cplex-mip;mip-e;instance_40_25_5_3;PARSE_ERROR;;;;;;;;;;;;
2;CPLEX-MIP;cplex-mip;mip-e;instance_40_25_5_30;OPTIMUM;0.2313;0.0173;0.2115;0.0002;9104;7202;0;770;4;0;200;766
2;CPLEX-MIP;cplex-mip;mip-e;instance_40_25_5_31;PARSE_ERROR;;;;;;;;;;;;
2;CPLEX-MIP;cplex-mip;mip-e;instance_40_25_5_32;OPTIMUM;0.1983;0.0148;0.1810;0.0002;7826;6652;0;721;11;0;200;710
2;CPLEX-MIP;cplex-mip;mip-e;instance_40_25_5_33;PARSE_ERROR;;;;;;;;;;;;
2;CPLEX-MIP;cplex-mip;mip-e;instance_40_25_5_34;PARSE_ERROR;;;;;;;;;;;;
2;CPLEX-MIP;cplex-mip;mip-e;instance_40_25_5_35;PARSE_ERROR;;;;;;;;;;;;
2;CPLEX-MIP;cplex-mip;mip-e;instance_40_25_5_36;OPTIMUM;0.1841;0.0160;0.1657;0.0002;8531;6890;0;788;0;0;200;788
2;CPLEX-MIP;cplex-mip;mip-e;instance_40_25_5_37;OPTIMUM;0.1890;0.0145;0.1725;0.0002;7699;6496;0;755;5;0;200;750
2;CPLEX-MIP;cplex-mip;mip-e;instance_40_25_5_38;OPTIMUM;0.2086;0.0137;0.1929;0.0002;6726;5915;0;741;5;0;200;736
2;CPLEX-MIP;cplex-mip;mip-e;instance_40_25_5_39;OPTIMUM;0.1764;0.0122;0.1625;0.0002;6492;5387;0;747;9;0;200;738
2;CPLEX-MIP;cplex-mip;mip-e;instance_40_25_5_4;PARSE_ERROR;;;;;;;;;;;;
2;CPLEX-MIP;cplex-mip;mip-e;instance_40_25_5_40;OPTIMUM;0.2032;0.0156;0.1851;0.0002;7792;6455;0;774;5;0;200;769
2;CPLEX-MIP;cplex-mip;mip-e;instance_40_25_5_41;OPTIMUM;0.2368;0.0161;0.2181;0.0002;8669;6835;0;770;5;0;200;765
2;CPLEX-MIP;cplex-mip;mip-e;instance_40_25_5_42;OPTIMUM;0.1764;0.0133;0.1607;0.0002;6886;5873;0;745;6;0;200;739
2;CPLEX-MIP;cplex-mip;mip-e;instance_40_25_5_43;PARSE_ERROR;;;;;;;;;;;;
2;CPLEX-MIP;cplex-mip;mip-e;instance_40_25_5_44;OPTIMUM;0.2255;0.0165;0.2067;0.0002;8468;6856;0;786;3;0;200;783
2;CPLEX-MIP;cplex-mip;mip-e;instance_40_25_5_45;OPTIMUM;0.2169;0.0155;0.1991;0.0002;7993;6603;0;710;5;0;200;705
2;CPLEX-MIP;cplex-mip;mip-e;instance_40_25_5_46;INFEASIBLE;0.0211;0.0173;0.0020;0.0000;8709;6987;0;;;;;
2;CPLEX-MIP;cplex-mip;mip-e;instance_40_25_5_47;OPTIMUM;0.2288;0.0166;0.2100;0.0002;9002;7177;0;785;3;0;200;782
2;CPLEX-MIP;cplex-mip;mip-e;instance_40_25_5_48;OPTIMUM;0.1888;0.0157;0.1709;0.0002;8403;6784;0;769;1;0;200;768
2;CPLEX-MIP;cplex-mip;mip-e;instance_40_25_5_49;OPTIMUM;0.2059;0.0136;0.1903;0.0002;7358;6129;0;735;15;0;200;720
2;CPLEX-MIP;cplex-mip;mip-e;instance_40_25_5_5;OPTIMUM;0.1825;0.0157;0.1644;0.0002;8268;6681;0;787;6;0;200;781
2;CPLEX-MIP;cplex-mip;mip-e;instance_40_25_5_50;OPTIMUM;0.2732;0.0172;0.2533;0.0003;9009;7033;0;791;5;0;200;786
2;CPLEX-MIP;cplex-mip;mip-e;instance_40_25_5_6;PARSE_ERROR;;;;;;;;;;;;
2;CPLEX-MIP;cplex-mip;mip-e;instance_40_25_5_7;OPTIMUM;0.1972;0.0168;0.1783;0.0002;9134;7208;0;785;1;0;200;784
2;CPLEX-MIP;cplex-mip;mip-e;instance_40_25_5_8;OPTIMUM;0.1988;0.0148;0.1818;0.0002;7559;6317;0;772;4;0;200;768
2;CPLEX-MIP;cplex-mip;mip-e;instance_40_25_5_9;OPTIMUM;0.2062;0.0164;0.1875;0.0002;8465;6891;0;777;2;0;200;775
3;CPLEX-CP-T;cplex-cp;cp-t;instance_30_15_4_1;TIMEOUT_FEASIBLE;300.0016;0.0023;299.9949;0.0000;2114;2952;14237690;448;5;0;120;443
3;CPLEX-CP-T;cplex-cp;cp-t;instance_30_15_4_10;TIMEOUT_FEASIBLE;300.0044;0.0022;299.9983;0.0000;2110;2944;14979929;427;9;0;120;418
3;CPLEX-CP-T;cplex-cp;cp-t;instance_30_15_4_11;PARSE_ERROR;;;;;;;;;;;;
3;CPLEX-CP-T;cplex-cp;cp-t;instance_30_15_4_12;PARSE_ERROR;;;;;;;;;;;;
3;CPLEX-CP-T;cplex-cp;cp-t;instance_30_15_4_13;TIMEOUT_FEASIBLE;299.9969;0.0019;299.9915;0.0000;1921;2564;18501218;387;4;0;120;383
3;CPLEX-CP-T;cplex-cp;cp-t;instance_30_15_4_14;TIMEOUT_FEASIBLE;300.0048;0.0023;299.9984;0.0000;2144;3013;15154670;423;11;0;120;412
3;CPLEX-CP-T;cplex-cp;cp-t;instance_30_15_4_15;TIMEOUT_FEASIBLE;300.0031;0.0023;299.9970;0.0000;2057;2839;12693196;450;2;0;120;448
3;CPLEX-CP-T;cplex-cp;cp-t;instance_30_15_4_16;TIMEOUT_FEASIBLE;300.0047;0.0021;299.9989;0.0000;2119;2961;18108061;401;2;0;120;399
3;CPLEX-CP-T;cplex-cp;cp-t;instance_30_15_4_17;TIMEOUT_FEASIBLE;300.0056;0.0022;299.9994;0.0001;2114;2954;15145866;425;3;0;120;422
3;CPLEX-CP-T;cplex-cp;cp-t;instance_30_15_4_18;TIMEOUT_FEASIBLE;300.0054;0.0023;299.9993;0.0000;2108;2939;11935039;463;5;0;120;458
3;CPLEX-CP-T;cplex-cp;cp-t;instance_30_15_4_19;PARSE_ERROR;;;;;;;;;;;;
3;CPLEX-CP-T;cplex-cp;cp-t;instance_30_15_4_2;TIMEOUT_FEASIBLE;300.0057;0.0022;299.9997;0.0000;2143;3010;21870099;378;4;0;120;374
3;CPLEX-CP-T;cplex-cp;cp-t;instance_30_15_4_20;TIMEOUT_FEASIBLE;300.0045;0.0022;299.9986;0.0000;2179;3081;15930531;434;6;0;120;428
3;CPLEX-CP-T;cplex-cp;cp-t;instance_30_15_4_21;INFEASIBLE;0.0014;0.0000;0.0000;0.0000;720;3;0;;;;;
3;CPLEX-CP-T;cplex-cp;cp-t;instance_30_15_4_22;PARSE_ERROR;;;;;;;;;;;;
3;CPLEX-CP-T;cplex-cp;cp-t;instance_30_15_4_23;PARSE_ERROR;;;;;;;;;;;;
3;CPLEX-CP-T;cplex-cp;cp-t;instance_30_15_4_24;TIMEOUT_FEASIBLE;299.9983;0.0023;299.9921;0.0000;2152;3029;12909210;449;2;0;120;447
3;CPLEX-CP-T;cplex-cp;cp-t;instance_30_15_4_25;TIMEOUT_FEASIBLE;300.0045;0.0021;299.9988;0.0000;2100;2925;18294577;411;3;0;120;408
3;CPLEX-CP-T;cplex-cp;cp-t;instance_30_15_4_26;PARSE_ERROR;;;;;;;;;;;;
3;CPLEX-CP-T;cplex-cp;cp-t;instance_30_15_4_27;TIMEOUT_FEASIBLE;299.9977;0.0021;299.9918;0.0001;2133;2991;15641813;415;5;0;120;410
3;CPLEX-CP-T;cplex-cp;cp-t;instance_30_15_4_28;PARSE_ERROR;;;;;;;;;;;;
3;CPLEX-CP-T;cplex-cp;cp-t;instance_30_15_4_29;TIMEOUT_FEASIBLE;299.9982;0.0020;299.9925;0.0000;2021;2766;19090945;409;4;0;120;405
3;CPLEX-CP-T;cplex-cp;cp-t;instance_30_15_4_3;TIMEOUT_FEASIBLE;300.0050;0.0023;299.9988;0.0000;2150;3024;14507670;442;4;0;120;438
3;CPLEX-CP-T;cplex-cp;cp-t;instance_30_15_4_30;TIMEOUT_FEASIBLE;300.0049;0.0023;299.9987;0.0000;2119;2963;12678385;443;6;0;120;437
3;CPLEX-CP-T;cplex-cp;cp-t;instance_30_15_4_31;TIMEOUT_FEASIBLE;300.0054;0.0022;299.9995;0.0001;2042;2809;16268557;416;4;0;120;412
3;CPLEX-CP-T;cplex-cp;cp-t;instance_30_15_4_32;TIMEOUT_FEASIBLE;300.0054;0.0022;299.9996;0.0000;2073;2871;17381476;390;3;0;120;387
3;CPLEX-CP-T;cplex-cp;cp-t;instance_30_15_4_33;TIMEOUT_FEASIBLE;300.0062;0.0023;300.0002;0.0001;2120;2965;12523774;438;3;0;120;435
3;CPLEX-CP-T;cplex-cp;cp-t;instance_30_15_4_34;PARSE_ERROR;;;;;;;;;;;;
3;CPLEX-CP-T;cplex-cp;cp-t;instance_30_15_4_35;PARSE_ERROR;;;;;;;;;;;;
3;CPLEX-CP-T;cplex-cp;cp-t;instance_30_15_4_36;PARSE_ERROR;;;;;;;;;;;;
3;CPLEX-CP-T;cplex-cp;cp-t;instance_30_15_4_37;TIMEOUT_FEASIBLE;300.0039;0.0024;299.9977;0.0000;2192;3107;15843748;432;5;0;120;427
3;CPLEX-CP-T;cplex-cp;cp-t;instance_30_15_4_38;TIMEOUT_FEASIBLE;300.0033;0.0021;299.9975;0.0000;2086;2895;17611747;405;3;0;120;402
3;CPLEX-CP-T;cplex-cp;cp-t;instance_30_15_4_39;TIMEOUT_FEASIBLE;300.0035;0.0022;299.9976;0.0000;2056;2837;12091453;450;3;0;120;447
3;CPLEX-CP-T;cplex-cp;cp-t;instance_30_15_4_4;PARSE_ERROR;;;;;;;;;;;;
3;CPLEX-CP-T;cplex-cp;cp-t;instance_30_15_4_40;PARSE_ERROR;;;;;;;;;;;;
3;CPLEX-CP-T;cplex-cp;cp-t;instance_30_15_4_41;PARSE_ERROR;;;;;;;;;;;;
3;CPLEX-CP-T;cplex-cp;cp-t;instance_30_15_4_42;TIMEOUT_FEASIBLE;300.0088;0.0023;300.0027;0.0000;2098;2921;11168686;441;4;0;120;437
3;CPLEX-CP-T;cplex-cp;cp-t;instance_30_15_4_43;PARSE_ERROR;;;;;;;;;;;;
3;CPLEX-CP-T;cplex-cp;cp-t;instance_30_15_4_44;PARSE_ERROR;;;;;;;;;;;;
3;CPLEX-CP-T;cplex-cp;cp-t;instance_30_15_4_45;TIMEOUT_FEASIBLE;300.0051;0.0024;299.9987;0.0000;2134;2990;13587656;427;5;0;120;422
3;CPLEX-CP-T;cplex-cp;cp-t;instance_30_15_4_46;PARSE_ERROR;;;;;;;;;;;;
3;CPLEX-CP-T;cplex-cp;cp-t;instance_30_15_4_47;TIMEOUT_FEASIBLE;300.0036;0.0023;299.9976;0.0001;2189;3102;16903522;433;5;0;120;428
3;CPLEX-CP-T;cplex-cp;cp-t;instance_30_15_4_48;TIMEOUT_FEASIBLE;300.0042;0.0021;299.9985;0.0000;2024;2770;14211998;432;1;0;120;431
3;CPLEX-CP-T;cplex-cp;cp-t;instance_30_15_4_49;TIMEOUT_FEASIBLE;300.0046;0.0021;299.9984;0.0000;2005;2735;13547512;440;4;0;120;436
3;CPLEX-CP-T;cplex-cp;cp-t;instance_30_15_4_5;TIMEOUT_FEASIBLE;300.0053;0.0020;299.9991;0.0000;1977;2677;16434639;429;8;0;120;421
3;CPLEX-CP-T;cplex-cp;cp-t;instance_30_15_4_50;TIMEOUT_FEASIBLE;300.0040;0.0020;299.9984;0.0000;1952;2629;14597491;415;11;0;120;404
3;CPLEX-CP-T;cplex-cp;cp-t;instance_30_15_4_6;TIMEOUT_FEASIBLE;300.0058;0.0021;299.9999;0.0000;2146;3017;13148158;446;5;0;120;441
3;CPLEX-CP-T;cplex-cp;cp-t;instance_30_15_4_7;PARSE_ERROR;;;;;;;;;;;;
3;CPLEX-CP-T;cplex-cp;cp-t;instance_30_15_4_8;INFEASIBLE;0.0015;0.0000;0.0000;0.0000;720;5;0;;;;;
3;CPLEX-CP-T;cplex-cp;cp-t;instance_30_15_4_9;PARSE_ERROR;;;;;;;;;;;;
3;CPLEX-CP-T;cplex-cp;cp-t;instance_40_25_5_1;TIMEOUT_FEASIBLE;300.0051;0.0052;299.9929;0.0001;4493;6851;5986342;782;3;0;200;779
3;CPLEX-CP-T;cplex-cp;cp-t;instance_40_25_5_10;PARSE_ERROR;;;;;;;;;;;;
3;CPLEX-CP-T;cplex-cp;cp-t;instance_40_25_5_11;TIMEOUT_FEASIBLE;300.0071;0.0052;299.9945;0.0001;4565;6996;6966563;784;1;0;200;783
3;CPLEX-CP-T;cplex-cp;cp-t;instance_40_25_5_12;TIMEOUT_FEASIBLE;300.0044;0.0053;299.9918;0.0001;4417;6696;7393300;783;2;0;200;781
3;CPLEX-CP-T;cplex-cp;cp-t;instance_40_25_5_13;TIMEOUT_FEASIBLE;300.0057;0.0056;299.9924;0.0011;4675;7216;7019869;787;5;0;200;782
3;CPLEX-CP-T;cplex-cp;cp-t;instance_40_25_5_14;TIMEOUT_FEASIBLE;300.0043;0.0059;299.9921;0.0001;4826;7517;6872157;780;0;0;200;780
3;CPLEX-CP-T;cplex-cp;cp-t;instance_40_25_5_15;TIMEOUT_FEASIBLE;300.0031;0.0055;299.9909;0.0001;4527;6920;7877859;718;3;0;200;715
3;CPLEX-CP-T;cplex-cp;cp-t;instance_40_25_5_16;TIMEOUT_FEASIBLE;300.0037;0.0055;299.9916;0.0001;4604;7072;6548697;765;6;0;200;759
3;CPLEX-CP-T;cplex-cp;cp-t;instance_40_25_5_17;TIMEOUT_FEASIBLE;300.0028;0.0056;299.9906;0.0001;4530;6925;7131027;751;6;0;200;745
3;CPLEX-CP-T;cplex-cp;cp-t;instance_40_25_5_18;TIMEOUT_FEASIBLE;300.0132;0.0055;300.0002;0.0001;4499;6863;7494414;785;1;0;200;784
3;CPLEX-CP-T;cplex-cp;cp-t;instance_40_25_5_19;TIMEOUT_FEASIBLE;300.0034;0.0052;299.9920;0.0001;4527;6920;8551057;740;7;0;200;733
3;CPLEX-CP-T;cplex-cp;cp-t;instance_40_25_5_2;PARSE_ERROR;;;;;;;;;;;;
3;CPLEX-CP-T;cplex-cp;cp-t;instance_40_25_5_20;TIMEOUT_FEASIBLE;300.0065;0.0051;299.9942;0.0001;4251;6367;6692320;771;4;0;200;767
3;CPLEX-CP-T;cplex-cp;cp-t;instance_40_25_5_21;TIMEOUT_FEASIBLE;300.0058;0.0054;299.9928;0.0001;4607;7079;7572188;760;2;0;200;758
3;CPLEX-CP-T;cplex-cp;cp-t;instance_40_25_5_22;TIMEOUT_FEASIBLE;300.0051;0.0051;299.9928;0.0001;4447;6760;8016962;769;8;0;200;761
3;CPLEX-CP-T;cplex-cp;cp-t;instance_40_25_5_23;PARSE_ERROR;;;;;;;;;;;;
3;CPLEX-CP-T;cplex-cp;cp-t;instance_40_25_5_24;TIMEOUT_FEASIBLE;300.0059;0.0053;299.9936;0.0001;4580;7025;7623700;751;14;0;200;737
3;CPLEX-CP-T;cplex-cp;cp-t;instance_40_25_5_25;TIMEOUT_FEASIBLE;300.0034;0.0056;299.9916;0.0001;4580;7025;8006985;769;8;0;200;761
3;CPLEX-CP-T;cplex-cp;cp-t;instance_40_25_5_26;TIMEOUT_FEASIBLE;300.0131;0.0059;300.0004;0.0001;4536;6938;7223926;777;2;0;200;775
3;CPLEX-CP-T;cplex-cp;cp-t;instance_40_25_5_27;TIMEOUT_FEASIBLE;300.0122;0.0055;299.9999;0.0001;4481;6827;7111415;755;16;0;200;739
3;CPLEX-CP-T;cplex-cp;cp-t;instance_40_25_5_28;TIMEOUT_FEASIBLE;300.0044;0.0055;299.9913;0.0001;4603;7072;9036673;750;9;0;200;741
3;CPLEX-CP-T;cplex-cp;cp-t;instance_40_25_5_29;TIMEOUT_FEASIBLE;300.0038;0.0053;299.9914;0.0001;4611;7088;9294350;751;6;0;200;745
3;CPLEX-CP-T;cplex-cp;cp-t;instance_40_25_5_3;PARSE_ERROR;;;;;;;;;;;;
3;CPLEX-CP-T;cplex-cp;cp-t;instance_40_25_5_30;TIMEOUT_FEASIBLE;300.0135;0.0057;300.0006;0.0001;4536;6937;7991157;771;5;0;200;766
3;CPLEX-CP-T;cplex-cp;cp-t;instance_40_25_5_31;PARSE_ERROR;;;;;;;;;;;;
3;CPLEX-CP-T;cplex-cp;cp-t;instance_40_25_5_32;TIMEOUT_FEASIBLE;300.0077;0.0054;299.9949;0.0001;4628;7121;7721629;723;13;0;200;710
3;CPLEX-CP-T;cplex-cp;cp-t;instance_40_25_5_33;PARSE_ERROR;;;;;;;;;;;;
3;CPLEX-CP-T;cplex-cp;cp-t;instance_40_25_5_34;PARSE_ERROR;;;;;;;;;;;;
3;CPLEX-CP-T;cplex-cp;cp-t;instance_40_25_5_35;PARSE_ERROR;;;;;;;;;;;;
3;CPLEX-CP-T;cplex-cp;cp-t;instance_40_25_5_36;TIMEOUT_FEASIBLE;300.0056;0.0059;299.9919;0.0001;4709;7281;7551595;788;0;0;200;788
3;CPLEX-CP-T;cplex-cp;cp-t;instance_40_25_5_37;TIMEOUT_FEASIBLE;300.0045;0.0053;299.9926;0.0001;4637;7139;7881914;754;4;0;200;750
3;CPLEX-CP-T;cplex-cp;cp-t;instance_40_25_5_38;TIMEOUT_FEASIBLE;300.0049;0.0050;299.9929;0.0001;4328;6520;7697550;741;5;0;200;736
3;CPLEX-CP-T;cplex-cp;cp-t;instance_40_25_5_39;TIMEOUT_FEASIBLE;300.0047;0.0050;299.9938;0.0001;4448;6762;7959215;747;10;0;200;737
3;CPLEX-CP-T;cplex-cp;cp-t;instance_40_25_5_4;PARSE_ERROR;;;;;;;;;;;;
3;CPLEX-CP-T;cplex-cp;cp-t;instance_40_25_5_40;TIMEOUT_FEASIBLE;300.0065;0.0055;299.9948;0.0001;4717;7298;7515651;774;5;0;200;769
3;CPLEX-CP-T;cplex-cp;cp-t;instance_40_25_5_41;TIMEOUT_FEASIBLE;300.0054;0.0054;299.9932;0.0001;4330;6525;7417930;771;6;0;200;765
3;CPLEX-CP-T;cplex-cp;cp-t;instance_40_25_5_42;TIMEOUT_FEASIBLE;300.0051;0.0052;299.9931;0.0001;4543;6948;10125050;745;6;0;200;739
3;CPLEX-CP-T;cplex-cp;cp-t;instance_40_25_5_43;PARSE_ERROR;;;;;;;;;;;;
3;CPLEX-CP-T;cplex-cp;cp-t;instance_40_25_5_44;TIMEOUT_FEASIBLE;300.0083;0.0054;299.9960;0.0001;4516;6898;7426670;786;3;0;200;783
3;CPLEX-CP-T;cplex-cp;cp-t;instance_40_25_5_45;TIMEOUT_FEASIBLE;300.0052;0.0055;299.9921;0.0001;4617;7099;8184721;711;6;0;200;705
3;CPLEX-CP-T;cplex-cp;cp-t;instance_40_25_5_46;INFEASIBLE;0.0018;0.0003;0.0000;0.0000;1200;32;0;;;;;
3;CPLEX-CP-T;cplex-cp;cp-t;instance_40_25_5_47;TIMEOUT_FEASIBLE;300.0125;0.0053;300.0002;0.0001;4400;6664;6575367;785;3;0;200;782
3;CPLEX-CP-T;cplex-cp;cp-t;instance_40_25_5_48;TIMEOUT_FEASIBLE;300.0052;0.0055;299.9923;0.0001;4646;7156;7014175;769;1;0;200;768
3;CPLEX-CP-T;cplex-cp;cp-t;instance_40_25_5_49;TIMEOUT_FEASIBLE;300.0049;0.0051;299.9929;0.0001;4459;6783;10234476;734;16;0;200;718
3;CPLEX-CP-T;cplex-cp;cp-t;instance_40_25_5_5;TIMEOUT_FEASIBLE;300.0042;0.0055;299.9921;0.0001;4537;6938;7459029;787;7;0;200;780
3;CPLEX-CP-T;cplex-cp;cp-t;instance_40_25_5_50;TIMEOUT_FEASIBLE;300.0056;0.0053;299.9937;0.0005;4324;6513;6309295;790;4;0;200;786
3;CPLEX-CP-T;cplex-cp;cp-t;instance_40_25_5_6;PARSE_ERROR;;;;;;;;;;;;
3;CPLEX-CP-T;cplex-cp;cp-t;instance_40_25_5_7;TIMEOUT_FEASIBLE;300.0042;0.0056;299.9918;0.0001;4403;6671;7084984;785;1;0;200;784
3;CPLEX-CP-T;cplex-cp;cp-t;instance_40_25_5_8;TIMEOUT_FEASIBLE;300.0042;0.0058;299.9907;0.0001;4602;7070;8079354;771;4;0;200;767
3;CPLEX-CP-T;cplex-cp;cp-t;instance_40_25_5_9;TIMEOUT_FEASIBLE;300.0047;0.0055;299.9924;0.0001;4632;7130;6242439;776;1;0;200;775
4;CPLEX-CP-I;cplex-cp;cp-i;instance_30_15_4_1;TIMEOUT_FEASIBLE;299.9995;0.0042;299.9917;0.0001;1430;2153;13357514;451;8;0;120;443
4;CPLEX-CP-I;cplex-cp;cp-i;instance_30_15_4_10;TIMEOUT_FEASIBLE;300.0044;0.0037;299.9974;0.0001;1268;1920;16996780;428;10;0;120;418
4;CPLEX-CP-I;cplex-cp;cp-i;instance_30_15_4_11;PARSE_ERROR;;;;;;;;;;;;
4;CPLEX-CP-I;cplex-cp;cp-i;instance_30_15_4_12;PARSE_ERROR;;;;;;;;;;;;
4;CPLEX-CP-I;cplex-cp;cp-i;instance_30_15_4_13;TIMEOUT_FEASIBLE;299.9999;0.0033;299.9936;0.0000;976;1461;18321052;389;6;0;120;383
4;CPLEX-CP-I;cplex-cp;cp-i;instance_30_15_4_14;TIMEOUT_FEASIBLE;300.0057;0.0039;299.9984;0.0001;1339;2042;14975177;425;13;0;120;412
4;CPLEX-CP-I;cplex-cp;cp-i;instance_30_15_4_15;TIMEOUT_FEASIBLE;300.0044;0.0042;299.9968;0.0001;1372;2057;14191235;452;4;0;120;448
4;CPLEX-CP-I;cplex-cp;cp-i;instance_30_15_4_16;TIMEOUT_FEASIBLE;300.0054;0.0033;299.9990;0.0001;1050;1624;19171773;400;1;0;120;399
4;CPLEX-CP-I;cplex-cp;cp-i;instance_30_15_4_17;TIMEOUT_FEASIBLE;300.0053;0.0036;299.9984;0.0001;1219;1858;16990036;427;5;0;120;422
4;CPLEX-CP-I;cplex-cp;cp-i;instance_30_15_4_18;TIMEOUT_FEASIBLE;300.0053;0.0042;299.9973;0.0001;1553;2311;12855213;463;5;0;120;458
4;CPLEX-CP-I;cplex-cp;cp-i;instance_30_15_4_19;PARSE_ERROR;;;;;;;;;;;;
4;CPLEX-CP-I;cplex-cp;cp-i;instance_30_15_4_2;TIMEOUT_FEASIBLE;299.9970;0.0030;299.9909;0.0001;977;1505;22281400;378;4;0;120;374
4;CPLEX-CP-I;cplex-cp;cp-i;instance_30_15_4_20;TIMEOUT_FEASIBLE;300.0053;0.0032;299.9989;0.0001;1095;1678;19127967;434;6;0;120;428
4;CPLEX-CP-I;cplex-cp;cp-i;instance_30_15_4_21;INFEASIBLE;0.0014;0.0001;0.0000;0.0000;19;18;0;;;;;
4;CPLEX-CP-I;cplex-cp;cp-i;instance_30_15_4_22;PARSE_ERROR;;;;;;;;;;;;
4;CPLEX-CP-I;cplex-cp;cp-i;instance_30_15_4_23;PARSE_ERROR;;;;;;;;;;;;
4;CPLEX-CP-I;cplex-cp;cp-i;instance_30_15_4_24;TIMEOUT_FEASIBLE;300.0094;0.0041;300.0017;0.0000;1423;2140;15619879;450;3;0;120;447
4;CPLEX-CP-I;cplex-cp;cp-i;instance_30_15_4_25;TIMEOUT_FEASIBLE;300.0049;0.0032;299.9986;0.0001;1015;1549;20838488;411;3;0;120;408
4;CPLEX-CP-I;cplex-cp;cp-i;instance_30_15_4_26;PARSE_ERROR;;;;;;;;;;;;
4;CPLEX-CP-I;cplex-cp;cp-i;instance_30_15_4_27;TIMEOUT_FEASIBLE;300.0063;0.0040;299.9989;0.0001;1240;1895;15216079;416;6;0;120;410
4;CPLEX-CP-I;cplex-cp;cp-i;instance_30_15_4_28;PARSE_ERROR;;;;;;;;;;;;
4;CPLEX-CP-I;cplex-cp;cp-i;instance_30_15_4_29;TIMEOUT_FEASIBLE;299.9977;0.0028;299.9918;0.0000;925;1407;21765939;410;5;0;120;405
4;CPLEX-CP-I;cplex-cp;cp-i;instance_30_15_4_3;TIMEOUT_FEASIBLE;300.0061;0.0043;299.9982;0.0001;1401;2126;14551839;443;5;0;120;438
4;CPLEX-CP-I;cplex-cp;cp-i;instance_30_15_4_30;TIMEOUT_FEASIBLE;300.0047;0.0040;299.9973;0.0001;1411;2129;13614405;444;7;0;120;437
4;CPLEX-CP-I;cplex-cp;cp-i;instance_30_15_4_31;TIMEOUT_FEASIBLE;300.0048;0.0037;299.9976;0.0001;1389;2057;14784379;418;6;0;120;412
4;CPLEX-CP-I;cplex-cp;cp-i;instance_30_15_4_32;TIMEOUT_FEASIBLE;300.0057;0.0038;299.9986;0.0001;1246;1854;16544307;390;3;0;120;387
4;CPLEX-CP-I;cplex-cp;cp-i;instance_30_15_4_33;TIMEOUT_FEASIBLE;300.0056;0.0040;299.9980;0.0001;1359;2036;13562445;438;3;0;120;435
4;CPLEX-CP-I;cplex-cp;cp-i;instance_30_15_4_34;PARSE_ERROR;;;;;;;;;;;;
4;CPLEX-CP-I;cplex-cp;cp-i;instance_30_15_4_35;PARSE_ERROR;;;;;;;;;;;;
4;CPLEX-CP-I;cplex-cp;cp-i;instance_30_15_4_36;PARSE_ERROR;;;;;;;;;;;;
4;CPLEX-CP-I;cplex-cp;cp-i;instance_30_15_4_37;TIMEOUT_FEASIBLE;300.0060;0.0036;299.9991;0.0000;1286;1980;15868481;433;6;0;120;427
4;CPLEX-CP-I;cplex-cp;cp-i;instance_30_15_4_38;TIMEOUT_FEASIBLE;300.0059;0.0035;299.9991;0.0001;1246;1906;16911529;406;4;0;120;402
4;CPLEX-CP-I;cplex-cp;cp-i;instance_30_15_4_39;TIMEOUT_FEASIBLE;300.0040;0.0041;299.9963;0.0001;1398;2093;13633948;450;3;0;120;447
4;CPLEX-CP-I;cplex-cp;cp-i;instance_30_15_4_4;PARSE_ERROR;;;;;;;;;;;;
4;CPLEX-CP-I;cplex-cp;cp-i;instance_30_15_4_40;PARSE_ERROR;;;;;;;;;;;;
4;CPLEX-CP-I;cplex-cp;cp-i;instance_30_15_4_41;PARSE_ERROR;;;;;;;;;;;;
4;CPLEX-CP-I;cplex-cp;cp-i;instance_30_15_4_42;TIMEOUT_FEASIBLE;300.0051;0.0040;299.9974;0.0001;1445;2156;11419796;441;4;0;120;437
4;CPLEX-CP-I;cplex-cp;cp-i;instance_30_15_4_43;PARSE_ERROR;;;;;;;;;;;;
4;CPLEX-CP-I;cplex-cp;cp-i;instance_30_15_4_44;PARSE_ERROR;;;;;;;;;;;;
4;CPLEX-CP-I;cplex-cp;cp-i;instance_30_15_4_45;TIMEOUT_FEASIBLE;300.0009;0.0040;299.9934;0.0001;1447;2172;13270612;426;4;0;120;422
4;CPLEX-CP-I;cplex-cp;cp-i;instance_30_15_4_46;PARSE_ERROR;;;;;;;;;;;;
4;CPLEX-CP-I;cplex-cp;cp-i;instance_30_15_4_47;TIMEOUT_FEASIBLE;300.0069;0.0037;299.9999;0.0001;1230;1894;18566848;433;5;0;120;428
4;CPLEX-CP-I;cplex-cp;cp-i;instance_30_15_4_48;TIMEOUT_FEASIBLE;300.0058;0.0038;299.9988;0.0001;1250;1889;14562032;435;4;0;120;431
4;CPLEX-CP-I;cplex-cp;cp-i;instance_30_15_4_49;TIMEOUT_FEASIBLE;300.0053;0.0035;299.9984;0.0001;1242;1852;15483763;442;6;0;120;436
4;CPLEX-CP-I;cplex-cp;cp-i;instance_30_15_4_5;TIMEOUT_FEASIBLE;300.0035;0.0035;299.9968;0.0001;1163;1743;15740725;428;7;0;120;421
4;CPLEX-CP-I;cplex-cp;cp-i;instance_30_15_4_50;TIMEOUT_FEASIBLE;300.0044;0.0033;299.9979;0.0001;1018;1538;19810537;415;11;0;120;404
4;CPLEX-CP-I;cplex-cp;cp-i;instance_30_15_4_6;TIMEOUT_FEASIBLE;300.0057;0.0038;299.9984;0.0001;1157;1769;17194661;446;5;0;120;441
4;CPLEX-CP-I;cplex-cp;cp-i;instance_30_15_4_7;PARSE_ERROR;;;;;;;;;;;;
4;CPLEX-CP-I;cplex-cp;cp-i;instance_30_15_4_8;INFEASIBLE;0.0015;0.0001;0.0000;0.0000;31;30;0;;;;;
4;CPLEX-CP-I;cplex-cp;cp-i;instance_30_15_4_9;PARSE_ERROR;;;;;;;;;;;;
4;CPLEX-CP-I;cplex-cp;cp-i;instance_40_25_5_1;TIMEOUT_FEASIBLE;300.0065;0.0115;299.9895;0.0001;2924;4256;9044886;783;4;0;200;779
4;CPLEX-CP-I;cplex-cp;cp-i;instance_40_25_5_10;PARSE_ERROR;;;;;;;;;;;;
4;CPLEX-CP-I;cplex-cp;cp-i;instance_40_25_5_11;TIMEOUT_FEASIBLE;300.0206;0.0119;300.0027;0.0001;3242;4737;8073646;784;1;0;200;783
4;CPLEX-CP-I;cplex-cp;cp-i;instance_40_25_5_12;TIMEOUT_FEASIBLE;300.0067;0.0103;299.9908;0.0001;3081;4452;8330774;783;2;0;200;781
4;CPLEX-CP-I;cplex-cp;cp-i;instance_40_25_5_13;TIMEOUT_FEASIBLE;300.0065;0.0111;299.9896;0.0001;3307;4840;7945434;786;2;0;200;784
4;CPLEX-CP-I;cplex-cp;cp-i;instance_40_25_5_14;TIMEOUT_FEASIBLE;300.0000;0.0116;299.9823;0.0001;3615;5299;7372524;781;0;0;200;781
4;CPLEX-CP-I;cplex-cp;cp-i;instance_40_25_5_15;TIMEOUT_FEASIBLE;300.0025;0.0103;299.9866;0.0001;3045;4478;8644401;720;5;0;200;715
4;CPLEX-CP-I;cplex-cp;cp-i;instance_40_25_5_16;TIMEOUT_FEASIBLE;300.0021;0.0101;299.9864;0.0001;2949;4329;9219507;764;6;0;200;758
4;CPLEX-CP-I;cplex-cp;cp-i;instance_40_25_5_17;TIMEOUT_FEASIBLE;300.0045;0.0106;299.9880;0.0001;3083;4481;7946858;753;8;0;200;745
4;CPLEX-CP-I;cplex-cp;cp-i;instance_40_25_5_18;TIMEOUT_FEASIBLE;300.0022;0.0103;299.9862;0.0001;3222;4692;8174949;786;2;0;200;784
4;CPLEX-CP-I;cplex-cp;cp-i;instance_40_25_5_19;TIMEOUT_FEASIBLE;300.0016;0.0086;299.9883;0.0001;2449;3616;10553778;742;8;0;200;734
4;CPLEX-CP-I;cplex-cp;cp-i;instance_40_25_5_2;PARSE_ERROR;;;;;;;;;;;;
4;CPLEX-CP-I;cplex-cp;cp-i;instance_40_25_5_20;TIMEOUT_FEASIBLE;299.9965;0.0097;299.9813;0.0001;3091;4401;7904017;772;5;0;200;767
4;CPLEX-CP-I;cplex-cp;cp-i;instance_40_25_5_21;TIMEOUT_FEASIBLE;300.0023;0.0105;299.9859;0.0001;3280;4778;7983360;760;2;0;200;758
4;CPLEX-CP-I;cplex-cp;cp-i;instance_40_25_5_22;TIMEOUT_FEASIBLE;300.0026;0.0095;299.9878;0.0001;2721;4000;8530552;770;9;0;200;761
4;CPLEX-CP-I;cplex-cp;cp-i;instance_40_25_5_23;PARSE_ERROR;;;;;;;;;;;;
4;CPLEX-CP-I;cplex-cp;cp-i;instance_40_25_5_24;TIMEOUT_FEASIBLE;300.0045;0.0084;299.9910;0.0001;2599;3824;9739160;752;14;0;200;738
4;CPLEX-CP-I;cplex-cp;cp-i;instance_40_25_5_25;TIMEOUT_FEASIBLE;300.0035;0.0096;299.9888;0.0001;2636;3871;9928332;769;8;0;200;761
4;CPLEX-CP-I;cplex-cp;cp-i;instance_40_25_5_26;TIMEOUT_FEASIBLE;300.0055;0.0103;299.9890;0.0001;3262;4762;7492963;778;2;0;200;776
4;CPLEX-CP-I;cplex-cp;cp-i;instance_40_25_5_27;TIMEOUT_FEASIBLE;300.0019;0.0096;299.9873;0.0001;2621;3848;10827162;752;13;0;200;739
4;CPLEX-CP-I;cplex-cp;cp-i;instance_40_25_5_28;TIMEOUT_FEASIBLE;300.0137;0.0111;299.9963;0.0001;3173;4676;8025688;750;8;0;200;742
4;CPLEX-CP-I;cplex-cp;cp-i;instance_40_25_5_29;TIMEOUT_FEASIBLE;300.0097;0.0093;299.9952;0.0001;2759;4047;9696981;755;10;0;200;745
4;CPLEX-CP-I;cplex-cp;cp-i;instance_40_25_5_3;PARSE_ERROR;;;;;;;;;;;;
4;CPLEX-CP-I;cplex-cp;cp-i;instance_40_25_5_30;TIMEOUT_FEASIBLE;300.0037;0.0108;299.9866;0.0001;3553;5143;7549448;771;5;0;200;766
4;CPLEX-CP-I;cplex-cp;cp-i;instance_40_25_5_31;PARSE_ERROR;;;;;;;;;;;;
4;CPLEX-CP-I;cplex-cp;cp-i;instance_40_25_5_32;TIMEOUT_FEASIBLE;300.0013;0.0103;299.9852;0.0001;3251;4793;8931435;723;13;0;200;710
4;CPLEX-CP-I;cplex-cp;cp-i;instance_40_25_5_33;PARSE_ERROR;;;;;;;;;;;;
4;CPLEX-CP-I;cplex-cp;cp-i;instance_40_25_5_34;PARSE_ERROR;;;;;;;;;;;;
4;CPLEX-CP-I;cplex-cp;cp-i;instance_40_25_5_35;PARSE_ERROR;;;;;;;;;;;;
4;CPLEX-CP-I;cplex-cp;cp-i;instance_40_25_5_36;TIMEOUT_FEASIBLE;300.0005;0.0120;299.9824;0.0001;3286;4821;7633572;788;0;0;200;788
4;CPLEX-CP-I;cplex-cp;cp-i;instance_40_25_5_37;TIMEOUT_FEASIBLE;300.0033;0.0103;299.9872;0.0001;3151;4633;8810721;754;4;0;200;750
4;CPLEX-CP-I;cplex-cp;cp-i;instance_40_25_5_38;TIMEOUT_FEASIBLE;300.0029;0.0098;299.9878;0.0001;2820;4116;9274162;741;5;0;200;736
4;CPLEX-CP-I;cplex-cp;cp-i;instance_40_25_5_39;TIMEOUT_FEASIBLE;300.0036;0.0097;299.9889;0.0001;2563;3767;8527001;748;11;0;200;737
4;CPLEX-CP-I;cplex-cp;cp-i;instance_40_25_5_4;PARSE_ERROR;;;;;;;;;;;;
4;CPLEX-CP-I;cplex-cp;cp-i;instance_40_25_5_40;TIMEOUT_FEASIBLE;300.0056;0.0113;299.9886;0.0001;3076;4533;8975415;775;6;0;200;769
4;CPLEX-CP-I;cplex-cp;cp-i;instance_40_25_5_41;TIMEOUT_FEASIBLE;300.0040;0.0106;299.9876;0.0001;3241;4682;7637225;771;6;0;200;765
4;CPLEX-CP-I;cplex-cp;cp-i;instance_40_25_5_42;TIMEOUT_FEASIBLE;300.0153;0.0102;299.9997;0.0001;2735;4071;9636399;747;8;0;200;739
4;CPLEX-CP-I;cplex-cp;cp-i;instance_40_25_5_43;PARSE_ERROR;;;;;;;;;;;;
4;CPLEX-CP-I;cplex-cp;cp-i;instance_40_25_5_44;TIMEOUT_FEASIBLE;300.0054;0.0117;299.9878;0.0001;3287;4819;7362891;786;3;0;200;783
4;CPLEX-CP-I;cplex-cp;cp-i;instance_40_25_5_45;TIMEOUT_FEASIBLE;300.0037;0.0104;299.9872;0.0001;3187;4693;8653402;711;6;0;200;705
4;CPLEX-CP-I;cplex-cp;cp-i;instance_40_25_5_46;INFEASIBLE;0.0027;0.0010;0.0000;0.0000;317;316;0;;;;;
4;CPLEX-CP-I;cplex-cp;cp-i;instance_40_25_5_47;TIMEOUT_FEASIBLE;300.0093;0.0127;299.9901;0.0001;3472;5028;7162819;785;3;0;200;782
4;CPLEX-CP-I;cplex-cp;cp-i;instance_40_25_5_48;TIMEOUT_FEASIBLE;300.0228;0.0112;300.0057;0.0001;3247;4793;8231142;769;1;0;200;768
4;CPLEX-CP-I;cplex-cp;cp-i;instance_40_25_5_49;TIMEOUT_FEASIBLE;300.0144;0.0095;299.9996;0.0001;2951;4331;9547377;735;15;0;200;720
4;CPLEX-CP-I;cplex-cp;cp-i;instance_40_25_5_5;TIMEOUT_FEASIBLE;300.0051;0.0108;299.9886;0.0001;3263;4745;8739851;787;6;0;200;781
4;CPLEX-CP-I;cplex-cp;cp-i;instance_40_25_5_50;TIMEOUT_FEASIBLE;300.0172;0.0112;300.0000;0.0001;3408;4851;7783173;791;5;0;200;786
4;CPLEX-CP-I;cplex-cp;cp-i;instance_40_25_5_6;PARSE_ERROR;;;;;;;;;;;;
4;CPLEX-CP-I;cplex-cp;cp-i;instance_40_25_5_7;TIMEOUT_FEASIBLE;300.1212;0.0110;300.1040;0.0001;3454;4982;7935074;785;1;0;200;784
4;CPLEX-CP-I;cplex-cp;cp-i;instance_40_25_5_8;TIMEOUT_FEASIBLE;300.0030;0.0101;299.9873;0.0001;3015;4436;8224033;771;4;0;200;767
4;CPLEX-CP-I;cplex-cp;cp-i;instance_40_25_5_9;TIMEOUT_FEASIBLE;300.0044;0.0119;299.9866;0.0001;3326;4872;8181703;777;2;0;200;775
