instance,instance_sha256,method,maxsat_configuration,maxsat_status,gurobi_status,cplex_status,commercial_status_agreement,commercial_objective_agreement_when_optimal,maxsat_status_agreement_when_decided,maxsat_objective_agreement_when_optimal,maxsat_elapsed_seconds,gurobi_elapsed_seconds,cplex_elapsed_seconds,cplex_over_gurobi_runtime
instances/paperInstances/TXT_10-25_4-5_U30/instance_30_20_5_3.txt,00c04d1a2f35c7911db04db07c768739e96fddd1bbda7e4c2f9ce73cae559448,lex-cos,totalizer-none-none,OPTIMUM,OPTIMUM,OPTIMUM,True,True,True,True,89.32652139,0.224452389,0.481981805,2.1473676762691976
instances/paperInstances/TXT_10-25_4-5_U30/instance_30_20_5_3.txt,00c04d1a2f35c7911db04db07c768739e96fddd1bbda7e4c2f9ce73cae559448,weighted,totalizer-none-none,OPTIMUM,OPTIMUM,OPTIMUM,True,True,True,True,5.819807514,0.073865398,0.147795254,2.000872641341484
instances/paperInstances/TXT_10-25_4-5_U30/instance_30_20_4_2.txt,025718ae2c24c8d0e31e9ac519c74dfe0ec011694ca01fea084f5967a34d77cb,lex-cos,totalizer-none-none,OPTIMUM,OPTIMUM,OPTIMUM,True,True,True,True,81.4344411,0.204686053,0.477102977,2.330901251000233
instances/paperInstances/TXT_10-25_4-5_U30/instance_30_20_4_2.txt,025718ae2c24c8d0e31e9ac519c74dfe0ec011694ca01fea084f5967a34d77cb,weighted,totalizer-none-none,OPTIMUM,OPTIMUM,OPTIMUM,True,True,True,True,19.9038738,0.069012107,0.096283559,1.3951690969238195
instances/paperInstances/TXT_10-25_4-5_U40/instance_40_15_4_1.txt,08753e549b448dbbe278003c40c649f97101629198f9d13290f91a66f104ad08,lex-cos,totalizer-none-none,OPTIMUM,OPTIMUM,OPTIMUM,True,True,True,True,112.1104615,0.205868497,0.373177298,1.812697442484364
instances/paperInstances/TXT_10-25_4-5_U40/instance_40_15_4_1.txt,08753e549b448dbbe278003c40c649f97101629198f9d13290f91a66f104ad08,weighted,totalizer-none-none,OPTIMUM,OPTIMUM,OPTIMUM,True,True,True,True,26.80018735,0.077213118,0.098228611,1.2721751632928486
instances/paperInstances/TXT_10-25_4-5_U30/instance_30_25_5_1.txt,119414c1057b93e4d5b9f962d9e443c5e6cc573ebda819842b68244174911d76,lex-cos,totalizer-none-none,OPTIMUM,OPTIMUM,OPTIMUM,True,True,True,True,102.0921086,0.282400182,0.641820391,2.272733630886966
instances/paperInstances/TXT_10-25_4-5_U30/instance_30_25_5_1.txt,119414c1057b93e4d5b9f962d9e443c5e6cc573ebda819842b68244174911d76,weighted,totalizer-none-none,OPTIMUM,OPTIMUM,OPTIMUM,True,True,True,True,25.20660657,0.10545714,0.177502139,1.6831685270433088
instances/paperInstances/TXT_10-25_4-5_U30/instance_30_15_5_3.txt,143aa4738d0e95ce9f6c07e285723a9971c6b3dc893447dcab654fd02469eef2,lex-cos,totalizer-none-none,OPTIMUM,OPTIMUM,OPTIMUM,True,True,True,True,84.82310147,0.163730757,0.270673744,1.653163699719534
instances/paperInstances/TXT_10-25_4-5_U30/instance_30_15_5_3.txt,143aa4738d0e95ce9f6c07e285723a9971c6b3dc893447dcab654fd02469eef2,weighted,totalizer-none-none,OPTIMUM,OPTIMUM,OPTIMUM,True,True,True,True,11.98488207,0.05493334,0.084840164,1.5444202737354036
instances/paperInstances/TXT_10-25_4-5_U30/instance_30_25_4_3.txt,1713a3b193679c914efffd60a875c02136eb9ed54bc0ebab5712aaec8309ac68,lex-cos,totalizer-none-none,OPTIMUM,OPTIMUM,OPTIMUM,True,True,True,True,80.96542528,0.186836515,0.264555383,1.4159725843740982
instances/paperInstances/TXT_10-25_4-5_U30/instance_30_25_4_3.txt,1713a3b193679c914efffd60a875c02136eb9ed54bc0ebab5712aaec8309ac68,weighted,totalizer-none-none,OPTIMUM,OPTIMUM,OPTIMUM,True,True,True,True,20.64197057,0.070605568,0.094523487,1.3387540059163607
instances/paperInstances/TXT_10-25_4-5_U30/instance_30_25_4_1.txt,17bd7cc093ae1b41f4197b966c86f01dfa3d1b0eec8fe8e9f32f0825b95481d9,lex-cos,totalizer-none-none,OPTIMUM,OPTIMUM,OPTIMUM,True,True,True,True,87.38821917,0.223058193,0.419347849,1.8799930339254565
instances/paperInstances/TXT_10-25_4-5_U30/instance_30_25_4_1.txt,17bd7cc093ae1b41f4197b966c86f01dfa3d1b0eec8fe8e9f32f0825b95481d9,weighted,totalizer-none-none,OPTIMUM,OPTIMUM,OPTIMUM,True,True,True,True,29.31874821,0.079768684,0.138706481,1.738858835881008
instances/paperInstances/TXT_10-25_4-5_U40/instance_40_10_4_2.txt,25d65db1161731d58a933fa6f0e53b80c5f2424a5d2792525330c2f160c74365,lex-cos,totalizer-none-none,OPTIMUM,OPTIMUM,OPTIMUM,True,True,True,True,105.4502091,0.171282745,0.351440658,2.0518158907366884
instances/paperInstances/TXT_10-25_4-5_U40/instance_40_10_4_2.txt,25d65db1161731d58a933fa6f0e53b80c5f2424a5d2792525330c2f160c74365,weighted,totalizer-none-none,TIMEOUT_FEASIBLE,OPTIMUM,OPTIMUM,True,True,,,3600.031248,0.093300715,0.430338195,4.612378318858542
instances/paperInstances/TXT_10-25_4-5_U40/instance_40_15_4_3.txt,2858426ef4418fe4a34d43307db46446affdc9baf2cf002c69df250c4e9f73b0,lex-cos,totalizer-none-none,UNSATISFIABLE,INFEASIBLE,INFEASIBLE,True,,True,,0.060145415,0.011855948,0.007549954,0.636807280193874
instances/paperInstances/TXT_10-25_4-5_U40/instance_40_15_4_3.txt,2858426ef4418fe4a34d43307db46446affdc9baf2cf002c69df250c4e9f73b0,weighted,totalizer-none-none,UNSATISFIABLE,INFEASIBLE,INFEASIBLE,True,,True,,0.061298673,0.009867278,0.009993982,1.012840826010983
instances/paperInstances/TXT_10-25_4-5_U30/instance_30_25_4_2.txt,2e96d7bac6213f53d5b3d28861fee7d391b9ef4018f9b228ccbc5ebb53e8a75d,lex-cos,totalizer-none-none,OPTIMUM,OPTIMUM,OPTIMUM,True,True,True,True,90.81676376,0.226503858,0.333792069,1.473670567677483
instances/paperInstances/TXT_10-25_4-5_U30/instance_30_25_4_2.txt,2e96d7bac6213f53d5b3d28861fee7d391b9ef4018f9b228ccbc5ebb53e8a75d,weighted,totalizer-none-none,OPTIMUM,OPTIMUM,OPTIMUM,True,True,True,True,18.50151337,0.075997029,0.125283051,1.6485256417063359
instances/paperInstances/TXT_10-25_4-5_U30/instance_30_20_4_1.txt,3209f4efbb6261e5243179bd1967f110079bb5e11dcbedbd7bec54205e3dca99,lex-cos,totalizer-none-none,OPTIMUM,OPTIMUM,OPTIMUM,True,True,True,True,85.5902221,0.171950975,0.351942392,2.0467600837971403
instances/paperInstances/TXT_10-25_4-5_U30/instance_30_20_4_1.txt,3209f4efbb6261e5243179bd1967f110079bb5e11dcbedbd7bec54205e3dca99,weighted,totalizer-none-none,OPTIMUM,OPTIMUM,OPTIMUM,True,True,True,True,22.81454627,0.062988742,0.111062137,1.763206145631548
instances/paperInstances/TXT_10-25_4-5_U40/instance_40_15_5_2.txt,357e7059e67d8c7e3e543b7e1c4fc19ecaa3f9f1d7c22744637d9a4a423bad67,lex-cos,totalizer-none-none,OPTIMUM,OPTIMUM,OPTIMUM,True,True,True,True,165.6971268,0.34275342,0.791013323,2.307820365439388
instances/paperInstances/TXT_10-25_4-5_U40/instance_40_15_5_2.txt,357e7059e67d8c7e3e543b7e1c4fc19ecaa3f9f1d7c22744637d9a4a423bad67,weighted,totalizer-none-none,OPTIMUM,OPTIMUM,OPTIMUM,True,True,True,True,72.49409952,0.106517714,0.146469292,1.375069802943762
instances/paperInstances/TXT_10-25_4-5_U40/instance_40_25_5_2.txt,39788863e37d864a0a9e724f8d11d7a7c27c431d02e9232cb76636fbefb9c5a3,lex-cos,totalizer-none-none,OPTIMUM,OPTIMUM,OPTIMUM,True,True,True,True,157.4809747,0.437863708,0.88652826,2.0246671368342772
instances/paperInstances/TXT_10-25_4-5_U40/instance_40_25_5_2.txt,39788863e37d864a0a9e724f8d11d7a7c27c431d02e9232cb76636fbefb9c5a3,weighted,totalizer-none-none,OPTIMUM,OPTIMUM,OPTIMUM,True,True,True,True,27.06247278,0.143235412,0.254926948,1.7797759956176198
instances/paperInstances/TXT_10-25_4-5_U40/instance_40_20_5_2.txt,39f0c1737b31ff233f944aff3c159c6831f3b2382c1e9905e5fbd8fa4fe46afa,lex-cos,totalizer-none-none,OPTIMUM,OPTIMUM,OPTIMUM,True,True,True,True,159.0162342,0.363459699,0.804448348,2.213308243564027
instances/paperInstances/TXT_10-25_4-5_U40/instance_40_20_5_2.txt,39f0c1737b31ff233f944aff3c159c6831f3b2382c1e9905e5fbd8fa4fe46afa,weighted,totalizer-none-none,OPTIMUM,OPTIMUM,OPTIMUM,True,True,True,True,55.43924655,0.108268557,0.197709718,1.826104674139141
instances/paperInstances/TXT_10-25_4-5_U30/instance_30_15_5_2.txt,42a8b9d67c40bda8bdb0395c13390d07fdfa256b5a250a32fa0a39cfd18a95c4,lex-cos,totalizer-none-none,OPTIMUM,OPTIMUM,OPTIMUM,True,True,True,True,77.60932168,0.224887252,0.597585087,2.6572652815376125
instances/paperInstances/TXT_10-25_4-5_U30/instance_30_15_5_2.txt,42a8b9d67c40bda8bdb0395c13390d07fdfa256b5a250a32fa0a39cfd18a95c4,weighted,totalizer-none-none,OPTIMUM,OPTIMUM,OPTIMUM,True,True,True,True,27.41143008,0.076879707,0.150355744,1.9557273286694499
instances/paperInstances/TXT_10-25_4-5_U40/instance_40_10_4_3.txt,4b99e4b03237aaaa74b67766b67b1fe5b33f60b418617da965b4bcf86a479158,lex-cos,totalizer-none-none,OPTIMUM,OPTIMUM,OPTIMUM,True,True,True,True,84.51729283,0.189510966,0.356109817,1.879098737747978
instances/paperInstances/TXT_10-25_4-5_U40/instance_40_10_4_3.txt,4b99e4b03237aaaa74b67766b67b1fe5b33f60b418617da965b4bcf86a479158,weighted,totalizer-none-none,OPTIMUM,OPTIMUM,OPTIMUM,True,True,True,True,21.77756731,0.053473813,0.074327315,1.3899759682370136
instances/paperInstances/TXT_10-25_4-5_U30/instance_30_10_4_3.txt,540dd7a199a8914e7bdf5e81792d9df12e9025086de2293f7bf528fc6fc8a239,lex-cos,totalizer-none-none,UNSATISFIABLE,INFEASIBLE,INFEASIBLE,True,,True,,0.041893496,0.009554756,0.005413363,0.5665621393157503
instances/paperInstances/TXT_10-25_4-5_U30/instance_30_10_4_3.txt,540dd7a199a8914e7bdf5e81792d9df12e9025086de2293f7bf528fc6fc8a239,weighted,totalizer-none-none,UNSATISFIABLE,INFEASIBLE,INFEASIBLE,True,,True,,0.054198215,0.00940832,0.007484186,0.7954859103431857
instances/paperInstances/TXT_10-25_4-5_U40/instance_40_15_5_1.txt,5a9063809e0e4220042ab177386a21750f25f08afded0ca353b609d8f5d67be2,lex-cos,totalizer-none-none,OPTIMUM,OPTIMUM,OPTIMUM,True,True,True,True,141.8976041,0.48152773,0.897203955,1.8632446256002746
instances/paperInstances/TXT_10-25_4-5_U40/instance_40_15_5_1.txt,5a9063809e0e4220042ab177386a21750f25f08afded0ca353b609d8f5d67be2,weighted,totalizer-none-none,OPTIMUM,OPTIMUM,OPTIMUM,True,True,True,True,131.5115661,0.223749,1.895041169,8.469495591041747
instances/paperInstances/TXT_10-25_4-5_U30/instance_30_10_5_3.txt,607fc8b64d74aa30d93984c24a5bb25420f81ebbec931c4600de2013e14d7278,lex-cos,totalizer-none-none,OPTIMUM,OPTIMUM,OPTIMUM,True,True,True,True,50.69709515,0.195360751,0.307526176,1.5741451362459187
instances/paperInstances/TXT_10-25_4-5_U30/instance_30_10_5_3.txt,607fc8b64d74aa30d93984c24a5bb25420f81ebbec931c4600de2013e14d7278,weighted,totalizer-none-none,OPTIMUM,OPTIMUM,OPTIMUM,True,True,True,True,12.90214486,0.064431643,0.089787248,1.393527214570642
instances/paperInstances/TXT_10-25_4-5_U40/instance_40_10_5_3.txt,618ea043ffced4a8a2322249857f2af19fc51960db3d1d976c2cccb698adfdc4,lex-cos,totalizer-none-none,UNSATISFIABLE,INFEASIBLE,INFEASIBLE,True,,True,,0.166554312,0.058180845,0.095358263,1.6389975601076263
instances/paperInstances/TXT_10-25_4-5_U40/instance_40_10_5_3.txt,618ea043ffced4a8a2322249857f2af19fc51960db3d1d976c2cccb698adfdc4,weighted,totalizer-none-none,UNSATISFIABLE,INFEASIBLE,INFEASIBLE,True,,True,,0.217630586,0.062542879,0.090652571,1.4494467227835803
instances/paperInstances/TXT_10-25_4-5_U40/instance_40_10_4_1.txt,65c0693dc59af57df04027c2c836dcf6ddd120661d2dcfb283f947d7e891107f,lex-cos,totalizer-none-none,OPTIMUM,OPTIMUM,OPTIMUM,True,True,True,True,96.02424634,0.170521826,0.431776705,2.5320905547891566
instances/paperInstances/TXT_10-25_4-5_U40/instance_40_10_4_1.txt,65c0693dc59af57df04027c2c836dcf6ddd120661d2dcfb283f947d7e891107f,weighted,totalizer-none-none,OPTIMUM,OPTIMUM,OPTIMUM,True,True,True,True,39.8364008,0.065785961,0.125896129,1.9137233398475397
instances/paperInstances/TXT_10-25_4-5_U30/instance_30_20_5_1.txt,6e8782354648467bf973b1b6298113cbb6c30f4937248555f4e2ed6bbd30994a,lex-cos,totalizer-none-none,OPTIMUM,OPTIMUM,OPTIMUM,True,True,True,True,91.86049189,0.222213252,0.461134284,2.075188045040626
instances/paperInstances/TXT_10-25_4-5_U30/instance_30_20_5_1.txt,6e8782354648467bf973b1b6298113cbb6c30f4937248555f4e2ed6bbd30994a,weighted,totalizer-none-none,OPTIMUM,OPTIMUM,OPTIMUM,True,True,True,True,10.14278997,0.076784611,0.120211066,1.5655619587628047
instances/paperInstances/TXT_10-25_4-5_U40/instance_40_25_5_1.txt,7527917283309cb995dc3b6df322612ab8825060e28978a427022c00c583ca99,lex-cos,totalizer-none-none,OPTIMUM,OPTIMUM,OPTIMUM,True,True,True,True,148.2720349,0.52150673,1.066748675,2.045512768358713
instances/paperInstances/TXT_10-25_4-5_U40/instance_40_25_5_1.txt,7527917283309cb995dc3b6df322612ab8825060e28978a427022c00c583ca99,weighted,totalizer-none-none,OPTIMUM,OPTIMUM,OPTIMUM,True,True,True,True,33.22067568,0.16150401,0.258120809,1.598231579513103
instances/paperInstances/TXT_10-25_4-5_U40/instance_40_20_4_1.txt,79923b863781f16d7454ee58c30f4f907406b3bc9267a30b84288f75affb2358,lex-cos,totalizer-none-none,OPTIMUM,OPTIMUM,OPTIMUM,True,True,True,True,125.1211813,0.253752903,0.41119204,1.6204427028761914
instances/paperInstances/TXT_10-25_4-5_U40/instance_40_20_4_1.txt,79923b863781f16d7454ee58c30f4f907406b3bc9267a30b84288f75affb2358,weighted,totalizer-none-none,OPTIMUM,OPTIMUM,OPTIMUM,True,True,True,True,38.38895051,0.095215914,0.154417399,1.6217604023629917
instances/paperInstances/TXT_10-25_4-5_U40/instance_40_20_5_3.txt,8b57c7c5f2041e8a86e22ed850cedae080f72c24861a8aac967f4d12f815cee8,lex-cos,totalizer-none-none,OPTIMUM,OPTIMUM,OPTIMUM,True,True,True,True,149.4593075,0.314019818,0.768859342,2.448442098007967
instances/paperInstances/TXT_10-25_4-5_U40/instance_40_20_5_3.txt,8b57c7c5f2041e8a86e22ed850cedae080f72c24861a8aac967f4d12f815cee8,weighted,totalizer-none-none,OPTIMUM,OPTIMUM,OPTIMUM,True,True,True,True,60.8684646,0.113615687,0.192585504,1.6950608589815592
instances/paperInstances/TXT_10-25_4-5_U30/instance_30_15_4_2.txt,8c591928ac318099edcb620831b2c120f77b89a737b99ab8da3551f3ba8bb800,lex-cos,totalizer-none-none,OPTIMUM,OPTIMUM,OPTIMUM,True,True,True,True,70.83920777,0.106633025,0.167409632,1.5699604508078056
instances/paperInstances/TXT_10-25_4-5_U30/instance_30_15_4_2.txt,8c591928ac318099edcb620831b2c120f77b89a737b99ab8da3551f3ba8bb800,weighted,totalizer-none-none,OPTIMUM,OPTIMUM,OPTIMUM,True,True,True,True,6.784824067,0.051968314,0.061536213,1.184110244561715
instances/paperInstances/TXT_10-25_4-5_U30/instance_30_10_5_2.txt,94babc1f3be6d34ed96a77652d95cbcc8e5fd65867a338a9f99f8e6635562a3d,lex-cos,totalizer-none-none,UNSATISFIABLE,INFEASIBLE,INFEASIBLE,True,,True,,0.077867548,0.018979398,0.01593706,0.8397031349466405
instances/paperInstances/TXT_10-25_4-5_U30/instance_30_10_5_2.txt,94babc1f3be6d34ed96a77652d95cbcc8e5fd65867a338a9f99f8e6635562a3d,weighted,totalizer-none-none,UNSATISFIABLE,INFEASIBLE,INFEASIBLE,True,,True,,0.096920724,0.019048909,0.017866538,0.9379297260541274
instances/paperInstances/TXT_10-25_4-5_U40/instance_40_10_5_1.txt,987b2d19f85e05463d5f9116d0c9cb555826e3bdbff02e35da167a3eb6a8ee09,lex-cos,totalizer-none-none,UNSATISFIABLE,INFEASIBLE,INFEASIBLE,True,,True,,0.133607944,0.01646122,0.025039936,1.5211470352744207
instances/paperInstances/TXT_10-25_4-5_U40/instance_40_10_5_1.txt,987b2d19f85e05463d5f9116d0c9cb555826e3bdbff02e35da167a3eb6a8ee09,weighted,totalizer-none-none,UNSATISFIABLE,INFEASIBLE,INFEASIBLE,True,,True,,0.205042951,0.016641199,0.024954718,1.4995745198407882
instances/paperInstances/TXT_10-25_4-5_U40/instance_40_15_4_2.txt,9bb873764009d45c4b7664f2c1cbef4f4609c4e7b613025f831a0c24320a7ebe,lex-cos,totalizer-none-none,OPTIMUM,OPTIMUM,OPTIMUM,True,True,True,True,126.2339551,0.197149793,0.384818349,1.9519084607915365
instances/paperInstances/TXT_10-25_4-5_U40/instance_40_15_4_2.txt,9bb873764009d45c4b7664f2c1cbef4f4609c4e7b613025f831a0c24320a7ebe,weighted,totalizer-none-none,OPTIMUM,OPTIMUM,OPTIMUM,True,True,True,True,250.4151867,0.1094342,0.234974778,2.1471786516463776
instances/paperInstances/TXT_10-25_4-5_U40/instance_40_25_4_1.txt,9f6a97e0d98a957d36f6fdfa2ca9c2b413a21bc4714ecb3ef33d5992a4a521d3,lex-cos,totalizer-none-none,OPTIMUM,OPTIMUM,OPTIMUM,True,True,True,True,139.3028961,0.364119961,0.646838157,1.7764424538098862
instances/paperInstances/TXT_10-25_4-5_U40/instance_40_25_4_1.txt,9f6a97e0d98a957d36f6fdfa2ca9c2b413a21bc4714ecb3ef33d5992a4a521d3,weighted,totalizer-none-none,OPTIMUM,OPTIMUM,OPTIMUM,True,True,True,True,51.49283508,0.124346078,0.190077636,1.5286178628006264
instances/paperInstances/TXT_10-25_4-5_U40/instance_40_15_5_3.txt,9f73b4873d39ff5bde77dcc8fc8f2c843d0369d85a32350bd04fca9451b37af7,lex-cos,totalizer-none-none,OPTIMUM,OPTIMUM,OPTIMUM,True,True,True,True,153.4293104,0.330251198,0.585582893,1.7731438872781922
instances/paperInstances/TXT_10-25_4-5_U40/instance_40_15_5_3.txt,9f73b4873d39ff5bde77dcc8fc8f2c843d0369d85a32350bd04fca9451b37af7,weighted,totalizer-none-none,OPTIMUM,OPTIMUM,OPTIMUM,True,True,True,True,61.94680844,0.128588756,0.137535195,1.0695740380286438
instances/paperInstances/TXT_10-25_4-5_U30/instance_30_15_5_1.txt,a3e643aa790c83d208bf030ff6546a5205b4252aeb402eef9516abe30e7ede51,lex-cos,totalizer-none-none,OPTIMUM,OPTIMUM,OPTIMUM,True,True,True,True,87.81426885,0.253087972,0.50755483,2.005448247852727
instances/paperInstances/TXT_10-25_4-5_U30/instance_30_15_5_1.txt,a3e643aa790c83d208bf030ff6546a5205b4252aeb402eef9516abe30e7ede51,weighted,totalizer-none-none,OPTIMUM,OPTIMUM,OPTIMUM,True,True,True,True,27.48486155,0.077445826,0.140741099,1.8172844976822897
instances/paperInstances/TXT_10-25_4-5_U40/instance_40_25_4_2.txt,a5fd07405bd2138e224fcff99971af5c8fb458055ce1f5659f97abe4d7cf6567,lex-cos,totalizer-none-none,OPTIMUM,OPTIMUM,OPTIMUM,True,True,True,True,137.2787474,0.294187043,0.557887827,1.896371170228595
instances/paperInstances/TXT_10-25_4-5_U40/instance_40_25_4_2.txt,a5fd07405bd2138e224fcff99971af5c8fb458055ce1f5659f97abe4d7cf6567,weighted,totalizer-none-none,OPTIMUM,OPTIMUM,OPTIMUM,True,True,True,True,30.83345659,0.099743077,0.172543267,1.7298771221986664
instances/paperInstances/TXT_10-25_4-5_U40/instance_40_20_5_1.txt,ad55cb5a53e14a0fa0f8fabb34d5deca8de3e2646554190b8544a3514eecf69f,lex-cos,totalizer-none-none,OPTIMUM,OPTIMUM,OPTIMUM,True,True,True,True,195.0766395,0.378648108,0.798880994,2.1098243385386204
instances/paperInstances/TXT_10-25_4-5_U40/instance_40_20_5_1.txt,ad55cb5a53e14a0fa0f8fabb34d5deca8de3e2646554190b8544a3514eecf69f,weighted,totalizer-none-none,TIMEOUT_FEASIBLE,OPTIMUM,OPTIMUM,True,True,,,3600.073973,0.281179148,0.472148896,1.6791746449135694
instances/paperInstances/TXT_10-25_4-5_U30/instance_30_25_5_2.txt,afda64c6a4d16f0aab56c95960d2776bb1347a6b3d1e106ef997406dfabb7f64,lex-cos,totalizer-none-none,OPTIMUM,OPTIMUM,OPTIMUM,True,True,True,True,107.9531239,0.260339326,0.469966925,1.8052091177342913
instances/paperInstances/TXT_10-25_4-5_U30/instance_30_25_5_2.txt,afda64c6a4d16f0aab56c95960d2776bb1347a6b3d1e106ef997406dfabb7f64,weighted,totalizer-none-none,OPTIMUM,OPTIMUM,OPTIMUM,True,True,True,True,32.96612764,0.091228953,0.149842675,1.6424903506236666
instances/paperInstances/TXT_10-25_4-5_U30/instance_30_15_4_3.txt,b7330396c1f4fb91992463c1b9a718b516add470900d3da1c8fcdecd47cd2351,lex-cos,totalizer-none-none,OPTIMUM,OPTIMUM,OPTIMUM,True,True,True,True,76.84333711,0.169565765,0.27416438,1.6168616347763358
instances/paperInstances/TXT_10-25_4-5_U30/instance_30_15_4_3.txt,b7330396c1f4fb91992463c1b9a718b516add470900d3da1c8fcdecd47cd2351,weighted,totalizer-none-none,OPTIMUM,OPTIMUM,OPTIMUM,True,True,True,True,17.759821,0.056302636,0.08856885,1.573085317000078
instances/paperInstances/TXT_10-25_4-5_U40/instance_40_20_4_3.txt,c7f907d0a16d86cf532538aaccb5b409cb1f54b68c619425264e5770f92cf9d5,lex-cos,totalizer-none-none,OPTIMUM,OPTIMUM,OPTIMUM,True,True,True,True,104.511235,0.284315761,0.529332238,1.861775921736537
instances/paperInstances/TXT_10-25_4-5_U40/instance_40_20_4_3.txt,c7f907d0a16d86cf532538aaccb5b409cb1f54b68c619425264e5770f92cf9d5,weighted,totalizer-none-none,OPTIMUM,OPTIMUM,OPTIMUM,True,True,True,True,34.43875645,0.091747706,0.131302827,1.4311292644199738
instances/paperInstances/TXT_10-25_4-5_U30/instance_30_10_5_1.txt,cd394004a7efe69c90a3a874859e5ee6d6e07ba5f0f1492e6a72f749c3e07231,lex-cos,totalizer-none-none,OPTIMUM,OPTIMUM,OPTIMUM,True,True,True,True,79.05082521,0.137460987,0.243233056,1.7694697332560254
instances/paperInstances/TXT_10-25_4-5_U30/instance_30_10_5_1.txt,cd394004a7efe69c90a3a874859e5ee6d6e07ba5f0f1492e6a72f749c3e07231,weighted,totalizer-none-none,OPTIMUM,OPTIMUM,OPTIMUM,True,True,True,True,16.440534,0.05987433,0.08084339,1.3502178646508445
instances/paperInstances/TXT_10-25_4-5_U40/instance_40_25_4_3.txt,d31d5ebd793f9506703adf88bb1487f27f39f7dae72343efbed4ef3ba17d6c70,lex-cos,totalizer-none-none,OPTIMUM,OPTIMUM,OPTIMUM,True,True,True,True,132.1284934,0.267945298,0.499389938,1.8637757099212093
instances/paperInstances/TXT_10-25_4-5_U40/instance_40_25_4_3.txt,d31d5ebd793f9506703adf88bb1487f27f39f7dae72343efbed4ef3ba17d6c70,weighted,totalizer-none-none,OPTIMUM,OPTIMUM,OPTIMUM,True,True,True,True,38.38675393,0.086821522,0.136867019,1.57641810287546
instances/paperInstances/TXT_10-25_4-5_U30/instance_30_10_4_2.txt,d4b94057d3915bff8ac5bc679ae05633cba383cf590d2544c705fcdc82eec9d3,lex-cos,totalizer-none-none,UNSATISFIABLE,INFEASIBLE,INFEASIBLE,True,,True,,0.060768026,0.015056848,0.012429907,0.8255318111732284
instances/paperInstances/TXT_10-25_4-5_U30/instance_30_10_4_2.txt,d4b94057d3915bff8ac5bc679ae05633cba383cf590d2544c705fcdc82eec9d3,weighted,totalizer-none-none,UNSATISFIABLE,INFEASIBLE,INFEASIBLE,True,,True,,0.073010606,0.014907912,0.014640063,0.9820330975927413
instances/paperInstances/TXT_10-25_4-5_U40/instance_40_10_5_2.txt,d6b2b901f5eb953ed1411f5c26e102aa18c9d02d8f8f9b6fd33a375fb7651fb6,lex-cos,totalizer-none-none,OPTIMUM,OPTIMUM,OPTIMUM,True,True,True,True,161.1954938,0.476926985,1.23929098,2.598492052195369
instances/paperInstances/TXT_10-25_4-5_U40/instance_40_10_5_2.txt,d6b2b901f5eb953ed1411f5c26e102aa18c9d02d8f8f9b6fd33a375fb7651fb6,weighted,totalizer-none-none,OPTIMUM,OPTIMUM,OPTIMUM,True,True,True,True,91.59524257,0.10093684,0.148221429,1.4684571956086596
instances/paperInstances/TXT_10-25_4-5_U30/instance_30_20_4_3.txt,d836a8343c2be620c6bb619dc689993bef40386269bb2d0dea8cbaf6c0fb7536,lex-cos,totalizer-none-none,OPTIMUM,OPTIMUM,OPTIMUM,True,True,True,True,82.85950477,0.178796404,0.244160423,1.3655779285135958
instances/paperInstances/TXT_10-25_4-5_U30/instance_30_20_4_3.txt,d836a8343c2be620c6bb619dc689993bef40386269bb2d0dea8cbaf6c0fb7536,weighted,totalizer-none-none,OPTIMUM,OPTIMUM,OPTIMUM,True,True,True,True,28.78446399,0.063730994,0.090325996,1.4173009132730616
instances/paperInstances/TXT_10-25_4-5_U30/instance_30_15_4_1.txt,d99bf3865499e2e1bfd8a0533ad957e78af08f8b1911715f1e3b209f9b6ca2f4,lex-cos,totalizer-none-none,OPTIMUM,OPTIMUM,OPTIMUM,True,True,True,True,80.84690503,0.154911901,0.328614148,2.1212969815663163
instances/paperInstances/TXT_10-25_4-5_U30/instance_30_15_4_1.txt,d99bf3865499e2e1bfd8a0533ad957e78af08f8b1911715f1e3b209f9b6ca2f4,weighted,totalizer-none-none,OPTIMUM,OPTIMUM,OPTIMUM,True,True,True,True,17.05419479,0.055217026,0.078278116,1.4176445504326871
instances/paperInstances/TXT_10-25_4-5_U40/instance_40_20_4_2.txt,de44769e74cee33d3ec1545dea64186717cd08da748ecafbf69a47dd550b30ed,lex-cos,totalizer-none-none,OPTIMUM,OPTIMUM,OPTIMUM,True,True,True,True,118.7830831,0.244775005,0.537074623,2.194156315102516
instances/paperInstances/TXT_10-25_4-5_U40/instance_40_20_4_2.txt,de44769e74cee33d3ec1545dea64186717cd08da748ecafbf69a47dd550b30ed,weighted,totalizer-none-none,OPTIMUM,OPTIMUM,OPTIMUM,True,True,True,True,23.15518651,0.082620097,0.140128847,1.696062484651888
instances/paperInstances/TXT_10-25_4-5_U30/instance_30_25_5_3.txt,de711e9fdc068fce44517e3b622238b8979d5f15b53688aae30f64a084fe1e6a,lex-cos,totalizer-none-none,OPTIMUM,OPTIMUM,OPTIMUM,True,True,True,True,115.0487503,0.252181551,0.489787725,1.9422028417931334
instances/paperInstances/TXT_10-25_4-5_U30/instance_30_25_5_3.txt,de711e9fdc068fce44517e3b622238b8979d5f15b53688aae30f64a084fe1e6a,weighted,totalizer-none-none,OPTIMUM,OPTIMUM,OPTIMUM,True,True,True,True,37.45413251,0.095498244,0.139382698,1.459531528139931
instances/paperInstances/TXT_10-25_4-5_U40/instance_40_25_5_3.txt,eec87b212b1dc7cd157a3095a3e3e042d6263a505c9a6326aeb99d555c89688c,lex-cos,totalizer-none-none,OPTIMUM,OPTIMUM,OPTIMUM,True,True,True,True,162.2966831,0.479798633,1.055734268,2.2003694787517247
instances/paperInstances/TXT_10-25_4-5_U40/instance_40_25_5_3.txt,eec87b212b1dc7cd157a3095a3e3e042d6263a505c9a6326aeb99d555c89688c,weighted,totalizer-none-none,OPTIMUM,OPTIMUM,OPTIMUM,True,True,True,True,59.63354067,0.134598893,0.197538593,1.467609343562729
instances/paperInstances/TXT_10-25_4-5_U30/instance_30_10_4_1.txt,f7f869e3d712742822a508d5706212db8714488787cbc8d9261762829b2d4977,lex-cos,totalizer-none-none,OPTIMUM,OPTIMUM,OPTIMUM,True,True,True,True,66.85540244,0.129433978,0.195561787,1.510899919957648
instances/paperInstances/TXT_10-25_4-5_U30/instance_30_10_4_1.txt,f7f869e3d712742822a508d5706212db8714488787cbc8d9261762829b2d4977,weighted,totalizer-none-none,OPTIMUM,OPTIMUM,OPTIMUM,True,True,True,True,12.71466836,0.047258384,0.070847687,1.4991559381294122
instances/paperInstances/TXT_10-25_4-5_U30/instance_30_20_5_2.txt,f879421a3977baa179f2e8cd512259579b371e9367fa7171eba9ad769a4f6de4,lex-cos,totalizer-none-none,OPTIMUM,OPTIMUM,OPTIMUM,True,True,True,True,104.895199,0.250450214,0.477769523,1.9076427021938978
instances/paperInstances/TXT_10-25_4-5_U30/instance_30_20_5_2.txt,f879421a3977baa179f2e8cd512259579b371e9367fa7171eba9ad769a4f6de4,weighted,totalizer-none-none,OPTIMUM,OPTIMUM,OPTIMUM,True,True,True,True,33.50202123,0.073738507,0.130046202,1.763613168896951
