"","cfg_id","label","cardinality","ic","sb","total_runs","optimum_n","timeout_n","unsat_n","error_n","optimum_pct","mean_elapsed_s","median_elapsed_s","par2_s","mean_solve_s","mean_variables","mean_hard_clauses","mean_soft_clauses","mean_best_value","mean_similarity","mean_continuity","mean_overtime","std_best_value"
"30_10_4","1","ORIGINAL","sorting-network","none","none","50","26","0","24","0","52","12,4779","11,1366","3462,489","12,4452","14853,96","53611,85","1407,923","401,7308","406,8846","5,1538","0","23,7698"
"","2","SN-none-ss","sorting-network","none","slot-service","50","26","0","24","0","52","12,4308","10,827","3462,464","12,3962","15210,5","55024,38","1407,923","401,7308","406,8077","5,0769","0","23,7698"
"","3","SN-both-none","sorting-network","both","none","50","26","0","24","0","52","13,5461","12,0048","3463,044","13,499","21941,27","75054,62","1407,923","401,7308","406,8462","5,1154","0","23,7698"
"","4","SN-both-ss","sorting-network","both","slot-service","50","26","0","24","0","52","13,1784","12,4521","3462,853","13,1306","21947,46","75083,23","1407,923","401,7308","406,8846","5,1538","0","23,7698"
"","5","TOT-none-none","totalizer","none","none","50","26","0","24","0","52","11,7203","10,3437","3462,095","11,6868","5783,654","56432,15","1407,923","401,7308","406,6538","4,9231","0","23,7698"
"","6","TOT-none-ss","totalizer","none","slot-service","50","26","0","24","0","52","11,8915","11,955","3462,184","11,8556","6140,192","57844,69","1407,923","401,7308","406,6923","4,9615","0","23,7698"
"","7","TOT-both-none","totalizer","both","none","50","26","0","24","0","52","12,6052","10,881","3462,555","12,5606","9214,731","72798,54","1407,923","401,7308","406,7692","5,0385","0","23,7698"
"","8","TOT-both-ss","totalizer","both","slot-service","50","26","0","24","0","52","12,1116","11,7571","3462,298","12,0659","9220,923","72827,15","1407,923","401,7308","406,9615","5,2308","0","23,7698"
"","","","","","","","","","","","","","","","","","","","","","","",""
"30_10_5","1","ORIGINAL","sorting-network","none","none","100","46","1","53","0","46","19,0992","16,6488","3896,786","19,0613","17182,65","62188,15","1529,435","445,8913","451,587","5,6957","0","56,0437"
"","2","SN-none-ss","sorting-network","none","slot-service","100","46","1","53","0","46","19,145","14,5585","3896,807","19,1041","17576,85","63737,83","1529,435","445,8913","451,6087","5,6522","0,0652","56,0437"
"","3","SN-both-none","sorting-network","both","none","100","46","1","53","0","46","21,0912","17,9357","3897,702","21,0366","25515,3","87391,07","1529,435","445,8913","451,6957","5,7609","0,0435","56,0437"
"","4","SN-both-ss","sorting-network","both","slot-service","100","46","1","53","0","46","20,4134","16,9739","3897,39","20,3581","25521,52","87419,54","1529,435","445,8913","451,6522","5,6957","0,0652","56,0437"
"","5","TOT-none-none","totalizer","none","none","100","46","1","53","0","46","17,9724","15,9538","3896,267","17,9317","6479,478","67308,07","1529,435","445,8913","451,6522","5,7174","0,0435","56,0437"
"","6","TOT-none-ss","totalizer","none","slot-service","100","46","1","53","0","46","18,2999","16,5664","3896,418","18,2562","6873,674","68857,74","1529,435","445,8913","451,4783","5,5435","0,0435","56,0437"
"","7","TOT-both-none","totalizer","both","none","100","46","1","53","0","46","18,7656","17,0848","3896,632","18,7125","10391,98","86602,46","1529,435","445,8913","451,5435","5,6087","0,0435","56,0437"
"","8","TOT-both-ss","totalizer","both","slot-service","100","46","1","53","0","46","18,7963","14,82","3896,646","18,7425","10398,2","86630,93","1529,435","445,8913","451,8043","5,913","0","56,0437"
"","","","","","","","","","","","","","","","","","","","","","","",""
"30_15_4","1","ORIGINAL","sorting-network","none","none","150","91","1","58","0","60,7","17,7822","15,7504","2842,788","17,7382","18586,15","69778,57","1770","435,2967","440,4725","5,1758","0","43,3145"
"","2","SN-none-ss","sorting-network","none","slot-service","150","91","1","58","0","60,7","18,1552","15,2862","2843,014","18,1083","18963,2","71457,18","1770","435,2967","440,3956","5,0659","0,033","43,3145"
"","3","SN-both-none","sorting-network","both","none","150","91","1","58","0","60,7","19,3695","16,6444","2843,751","19,3107","26261,16","93221,65","1770","435,2967","440,5165","5,1978","0,022","43,3145"
"","4","SN-both-ss","sorting-network","both","slot-service","150","91","1","58","0","60,7","19,1392","16,5729","2843,611","19,0791","26267,88","93252,01","1770","435,2967","440,4066","5,0769","0,033","43,3145"
"","5","TOT-none-none","totalizer","none","none","150","91","1","58","0","60,7","16,5394","13,865","2842,034","16,4936","7213,363","73882,15","1770","435,2967","440,3187","5","0,022","43,3145"
"","6","TOT-none-ss","totalizer","none","slot-service","150","91","1","58","0","60,7","16,5357","14,2462","2842,032","16,4869","7590,407","75560,76","1770","435,2967","440,3297","5,011","0,022","43,3145"
"","7","TOT-both-none","totalizer","both","none","150","91","1","58","0","60,7","17,6551","15,7114","2842,711","17,5979","10855,08","91835,12","1770","435,2967","440,4945","5,1758","0,022","43,3145"
"","8","TOT-both-ss","totalizer","both","slot-service","150","91","1","58","0","60,7","17,177","14,2966","2842,421","17,1188","10861,79","91865,48","1770","435,2967","440,4615","5,1648","0","43,3145"
"","","","","","","","","","","","","","","","","","","","","","","",""
"","","","","","","","","","","","","","","","","","","","","","","",""
"30_15_5","1","ORIGINAL","sorting-network","none","none","200","132","2","66","0","66","21,1683","20,1325","2461,971","21,1148","21949,65","84029,83","1980,576","466,1742","471,5","5,3258","0","60,2632"
"","2","SN-none-ss","sorting-network","none","slot-service","200","132","2","66","0","66","21,2872","19,1823","2462,05","21,2308","22325,09","85810,7","1980,576","466,1742","471,4091","5,2121","0,0227","60,2632"
"","3","SN-both-none","sorting-network","both","none","200","133","1","66","0","66,5","24,4041","20,4507","2428,229","24,334","30328,93","109785,7","1984,188","466,7068","472,0526","5,3308","0,015","60,3478"
"","4","SN-both-ss","sorting-network","both","slot-service","200","133","1","66","0","66,5","23,998","19,7586","2427,959","23,927","30335,93","109816,9","1984,188","466,7068","471,9398","5,2105","0,0226","60,3478"
"","5","TOT-none-none","totalizer","none","none","200","133","1","66","0","66,5","20,4591","17,5126","2425,605","20,403","8320,353","91189,9","1984,188","466,7068","471,9248","5,203","0,015","60,3478"
"","6","TOT-none-ss","totalizer","none","slot-service","200","132","2","66","0","66","19,7278","17,9119","2461,02","19,6687","8679,03","92718,36","1980,576","466,1742","471,3182","5,1288","0,0152","60,2632"
"","7","TOT-both-none","totalizer","both","none","200","133","1","66","0","66,5","22,1986","18,9639","2426,762","22,1297","12211,57","110859,2","1984,188","466,7068","472,0301","5,3083","0,015","60,3478"
"","8","TOT-both-ss","totalizer","both","slot-service","200","133","1","66","0","66,5","22,0584","18,8915","2426,669","21,9886","12218,57","110890,4","1984,188","466,7068","472,0376","5,3308","0","60,3478"
"","","","","","","","","","","","","","","","","","","","","","","",""
"30_20_4","1","ORIGINAL","sorting-network","none","none","250","182","2","66","0","72,8","20,9839","20,3662","1973,6763","20,9265","23253,3956","91213,6044","2167,2198","460,6978","465,456","4,7582","0","52,5497"
"","2","SN-none-ss","sorting-network","none","slot-service","250","182","2","66","0","72,8","21,155","20,4258","1973,8009","21,095","23608,7527","93021,3681","2167,2198","460,6978","465,3736","4,6593","0,0165","52,5497"
"","3","SN-both-none","sorting-network","both","none","250","183","1","66","0","73,2","23,6968","21,1579","1946,946","23,6237","31219,5355","115864,0656","2168,8251","461,1148","465,9016","4,776","0,0109","52,7078"
"","4","SN-both-ss","sorting-network","both","slot-service","250","183","1","66","0","73,2","23,5397","20,7013","1946,8311","23,4651","31226,9344","115896,765","2168,8251","461,1148","465,8087","4,6776","0,0164","52,7078"
"","5","TOT-none-none","totalizer","none","none","250","183","1","66","0","73,2","20,0612","18,2161","1944,2848","20,002","8935,9781","97687,6339","2168,8251","461,1148","465,8033","4,6776","0,0109","52,7078"
"","6","TOT-none-ss","totalizer","none","slot-service","250","182","2","66","0","72,8","19,5282","18,1104","1972,6165","19,4663","9282,5604","99348,0385","2167,2198","460,6978","465,3571","4,6484","0,011","52,5497"
"","7","TOT-both-none","totalizer","both","none","250","183","1","66","0","73,2","21,5495","19,7158","1945,3742","21,478","12663,776","116579,4426","2168,8251","461,1148","465,8962","4,7705","0,0109","52,7078"
"","8","TOT-both-ss","totalizer","both","slot-service","250","183","1","66","0","73,2","21,3612","19,7784","1945,2364","21,2888","12671,1749","116612,1421","2168,8251","461,1148","465,8852","4,7705","0","52,7078"
"","","","","","","","","","","","","","","","","","","","","","","",""
"30_20_5","1","ORIGINAL","sorting-network","none","none","300","231","2","67","0","77","22,7121","21,4289","1673,488","22,6479","26111,7","104276,3","2375,883","481,013","485,9351","4,9221","0","61,4478"
"","2","SN-none-ss","sorting-network","none","slot-service","300","231","2","67","0","77","23,0673","22,1311","1673,762","23,0001","26466,81","106176,6","2375,883","481,013","485,8831","4,8571","0,013","61,4478"
"","3","SN-both-none","sorting-network","both","none","300","232","1","67","0","77,3","25,3653","23,8114","1651,616","25,2848","34432,53","130138,5","2376,25","481,2543","486,2155","4,9526","0,0086","61,4247"
"","4","SN-both-ss","sorting-network","both","slot-service","300","232","1","67","0","77,3","25,4753","24,3056","1651,701","25,3933","34440,94","130175,2","2376,25","481,2543","486,1164","4,8491","0,0129","61,4247"
"","5","TOT-none-none","totalizer","none","none","300","232","1","67","0","77,3","21,4957","20,314","1648,623","21,429","9889,526","112204,4","2376,25","481,2543","486,1379","4,875","0,0086","61,4247"
"","6","TOT-none-ss","totalizer","none","slot-service","300","231","2","67","0","77","20,9678","19,684","1672,145","20,898","10241,85","114051,4","2375,883","481,013","485,8571","4,8355","0,0087","61,4478"
"","7","TOT-both-none","totalizer","both","none","300","232","1","67","0","77,3","22,6927","20,6988","1649,549","22,6132","13765,32","132174,5","2376,25","481,2543","486,1897","4,9267","0,0086","61,4247"
"","8","TOT-both-ss","totalizer","both","slot-service","300","232","1","67","0","77,3","22,6119","20,8412","1649,487","22,5314","13773,73","132211,2","2376,25","481,2543","486,1897","4,9353","0","61,4247"
"","","","","","","","","","","","","","","","","","","","","","","",""
"30_25_4","1","ORIGINAL","sorting-network","none","none","350","281","2","67","0","80,3","23,2383","22,3788","1438,086","23,1699","27452,61","112418,2","2547,171","476,3594","480,9217","4,5623","0","56,8763"
"","2","SN-none-ss","sorting-network","none","slot-service","350","281","2","67","0","80,3","23,5976","22,7937","1438,374","23,526","27794,81","114356,2","2547,171","476,3594","480,8897","4,5196","0,0107","56,8763"
"","3","SN-both-none","sorting-network","both","none","350","282","1","67","0","80,6","25,8671","24,6659","1419,699","25,7827","35481,22","137542,4","2546,865","476,5745","481,1809","4,5993","0,0071","56,8898"
"","4","SN-both-ss","sorting-network","both","slot-service","350","282","1","67","0","80,6","25,9752","25,0632","1419,786","25,8892","35489,7","137579,2","2546,865","476,5745","481,1135","4,5284","0,0106","56,8898"
"","5","TOT-none-none","totalizer","none","none","350","282","1","67","0","80,6","21,6797","20,4489","1416,325","21,6088","10491,95","119896,8","2546,865","476,5745","481,1028","4,5213","0,0071","56,8898"
"","6","TOT-none-ss","totalizer","none","slot-service","350","281","2","67","0","80,3","21,37","20,3941","1436,586","21,2962","10834","121818,4","2547,171","476,3594","480,8648","4,4982","0,0071","56,8763"
"","7","TOT-both-none","totalizer","both","none","350","282","1","67","0","80,6","22,7363","20,8558","1417,176","22,6526","14251,46","139350,2","2546,865","476,5745","481,2021","4,6206","0,0071","56,8898"
"","8","TOT-both-ss","totalizer","both","slot-service","350","282","1","67","0","80,6","22,7088","20,7562","1417,154","22,624","14259,94","139387,1","2546,865","476,5745","481,156","4,5816","0","56,8898"
"","","","","","","","","","","","","","","","","","","","","","","",""
"30_25_5","1","ORIGINAL","sorting-network","none","none","300","231","2","67","0","77","24,7879","23,3927","1675,087","24,7178","27693,84","113112","2531,035","483,9567","488,5671","4,5931","0,0173","65,0626"
"","2","SN-none-ss","sorting-network","none","slot-service","300","231","2","67","0","77","25,3246","23,8748","1675,5","25,2514","28050,48","115113,4","2531,035","483,9567","488,4719","4,4805","0,0346","65,0626"
"","3","SN-both-none","sorting-network","both","none","300","232","1","67","0","77,3","27,3226","26,0644","1653,13","27,2365","35963,6","138936,7","2530,733","484,1853","488,8276","4,6293","0,0129","65,015"
"","4","SN-both-ss","sorting-network","both","slot-service","300","232","1","67","0","77,3","27,2678","25,8709","1653,087","27,1798","35971,95","138973,2","2530,733","484,1853","488,7241","4,5259","0,0129","65,015"
"","5","TOT-none-none","totalizer","none","none","300","232","1","67","0","77,3","22,5422","20,9685","1649,433","22,4694","10525,97","121963,9","2530,733","484,1853","488,7629","4,5474","0,0302","65,015"
"","6","TOT-none-ss","totalizer","none","slot-service","300","231","2","67","0","77","22,2396","20,6316","1673,125","22,1638","10882,59","123954,3","2531,035","483,9567","488,4762","4,5065","0,013","65,0626"
"","7","TOT-both-none","totalizer","both","none","300","232","1","67","0","77,3","24,0575","21,8456","1650,605","23,9715","14381,37","141964,5","2530,733","484,1853","488,8405","4,6466","0,0086","65,015"
"","8","TOT-both-ss","totalizer","both","slot-service","300","232","1","67","0","77,3","24,1275","21,7359","1650,659","24,0403","14389,72","142000,9","2530,733","484,1853","488,8147","4,6207","0,0086","65,015"
"","","","","","","","","","","","","","","","","","","","","","","",""
"40_10_4","1","ORIGINAL","sorting-network","none","none","50","16","5","29","0","32","45,4551","34,274","4910,546","45,4003","24359,56","90460,13","1947,813","549,75","555,4375","5,5","0,1875","25,9062"
"","2","SN-none-ss","sorting-network","none","slot-service","50","16","5","29","0","32","41,6758","32,0429","4909,336","41,6184","24785,5","92279,06","1947,813","549,75","555,5625","5,5","0,3125","25,9062"
"","3","SN-both-none","sorting-network","both","none","50","16","5","29","0","32","40,1657","36,1315","4908,853","40,0905","35005,56","122811,3","1947,813","549,75","555,6875","5,75","0,1875","25,9062"
"","4","SN-both-ss","sorting-network","both","slot-service","50","15","6","29","0","30","34,3367","32,434","5050,301","34,2605","35025,73","123050,6","1954,667","550,8667","556,4","5,4","0,1333","26,4139"
"","5","TOT-none-none","totalizer","none","none","50","17","4","29","0","34","38,9817","31,5069","4765,254","38,9206","8614,529","104032,5","1940,647","548,9412","554,8235","5,6471","0,2353","25,3043"
"","6","TOT-none-ss","totalizer","none","slot-service","50","16","5","29","0","32","39,2687","32,905","4908,566","39,2038","9089,625","106852,1","1947,813","549,75","555,375","5,5","0,125","25,9062"
"","7","TOT-both-none","totalizer","both","none","50","16","5","29","0","32","38,761","27,6842","4908,404","38,6814","13578,38","129613,1","1947,813","549,75","555,5","5,4375","0,3125","25,9062"
"","8","TOT-both-ss","totalizer","both","slot-service","50","16","5","29","0","32","40,3309","31,6124","4908,906","40,2501","13553,06","129007,1","1946,625","549,9375","556,1875","5,875","0,375","25,7875"
"","","","","","","","","","","","","","","","","","","","","","","",""
"40_10_5","1","ORIGINAL","sorting-network","none","none","50","8","9","33","0","16","50,8024","47,7617","6056,1284","50,7428","29344,75","110928,875","2256,75","686,25","693,5","7","0,25","25,0014"
"","2","SN-none-ss","sorting-network","none","slot-service","50","9","8","33","0","18","60,1808","51,1874","5914,8325","60,1223","29585,7778","111326,2222","2240,8889","677,6667","685,2222","7,5556","0","34,7851"
"","3","SN-both-none","sorting-network","both","none","50","10","7","33","0","20","91,2216","67,2815","5778,2443","91,1358","44092,1","155630,8","2237,5","677,4","685,2","7,6","0,2","32,8065"
"","4","SN-both-ss","sorting-network","both","slot-service","50","10","7","33","0","20","86,5439","61,4791","5777,3088","86,4569","44096,7","155651,6","2237,5","677,4","685,2","7,6","0,2","32,8065"
"","5","TOT-none-none","totalizer","none","none","50","10","7","33","0","20","68,1887","52,3622","5773,6377","68,1176","10526,1","139102,9","2257,5","680,9","689,5","8,1","0,5","34,3526"
"","6","TOT-none-ss","totalizer","none","slot-service","50","10","7","33","0","20","70,3451","50,2265","5774,069","70,2722","10952,9","140927,2","2257,5","680,9","688,7","7,8","0","34,3526"
"","7","TOT-both-none","totalizer","both","none","50","10","7","33","0","20","87,0213","48,2056","5777,4043","86,9339","16911,5","172752,8","2237,5","677,4","684,9","7,5","0","32,8065"
"","8","TOT-both-ss","totalizer","both","slot-service","50","10","7","33","0","20","81,1814","48,4804","5776,2363","81,0926","17006,6","174118,3","2257,5","680,9","689","7,9","0,2","34,3526"
"","","","","","","","","","","","","","","","","","","","","","","",""
"40_15_4","1","ORIGINAL","sorting-network","none","none","100","53","7","40","0","53","39,7813","33,4984","3405,0841","39,7117","28853,7358","110105,5849","2470,2264","561,9245","568,283","6,0755","0,283","27,8912"
"","2","SN-none-ss","sorting-network","none","slot-service","100","53","7","40","0","53","36,7075","31,6585","3403,455","36,6355","29228,8302","111929,0566","2470,2264","561,9245","568,2642","6,1887","0,1509","27,8912"
"","3","SN-both-none","sorting-network","both","none","100","53","7","40","0","53","40,2021","36,2205","3405,3071","40,1111","39262,3774","142083,8113","2470,2264","561,9245","568,1509","5,9811","0,2453","27,8912"
"","4","SN-both-ss","sorting-network","both","slot-service","100","52","8","40","0","52","39,4669","34,8102","3476,5228","39,3749","39353,7692","142539,7692","2482,25","562,4808","568,6154","5,8846","0,25","27,8649"
"","5","TOT-none-none","totalizer","none","none","100","54","6","40","0","54","35,5085","29,2207","3331,1746","35,4326","10415,0556","124052,8519","2458,2963","561,4444","567,8148","6,1852","0,1852","27,8511"
"","6","TOT-none-ss","totalizer","none","slot-service","100","53","7","40","0","53","35,6219","31,1141","3402,8796","35,5432","10838,9623","126556,1509","2470,2264","561,9245","568,3396","6,2075","0,2075","27,8912"
"","7","TOT-both-none","totalizer","both","none","100","53","7","40","0","53","35,7268","30,6225","3402,9352","35,6327","15302,0377","149386,9434","2470,2264","561,9245","568,0566","5,9811","0,1509","27,8912"
"","8","TOT-both-ss","totalizer","both","slot-service","100","53","7","40","0","53","37,2666","32,8872","3403,7513","37,1721","15298,0377","149220","2469,8679","561,9811","568,3774","6,2075","0,1887","27,8343"
"","","","","","","","","","","","","","","","","","","","","","","",""
"40_15_5","1","ORIGINAL","sorting-network","none","none","100","42","12","46","0","42","61,2639","50,3084","4201,731","61,1836","39837,33","153430,8","3039,095","707,1429","715,0714","7,8333","0,0952","32,151"
"","2","SN-none-ss","sorting-network","none","slot-service","100","42","12","46","0","42","62,3439","50,7018","4202,185","62,2638","39657,4","152940,1","3008,548","704,3095","712,1905","7,881","0","35,3522"
"","3","SN-both-none","sorting-network","both","none","100","42","12","46","0","42","71,2135","57,4645","4205,91","71,1147","53382,36","193874","2980,238","702,3571","710,4524","8,0476","0,0476","34,6282"
"","4","SN-both-ss","sorting-network","both","slot-service","100","43","11","46","0","43","75,354","60,8546","4136,402","75,2535","53749,7","195474,4","2989,907","703,6279","711,4884","7,7674","0,093","35,2136"
"","5","TOT-none-none","totalizer","none","none","100","44","10","46","0","44","59,2913","45,1387","4058,088","59,1962","13624,48","186953,5","3003,705","704,9773","713,4091","8,2727","0,1591","34,7131"
"","6","TOT-none-ss","totalizer","none","slot-service","100","44","10","46","0","44","63,9003","49,7656","4060,116","63,8031","13983","188771,4","3003,705","704,9773","712,75","7,7273","0,0455","34,7131"
"","7","TOT-both-none","totalizer","both","none","100","43","11","46","0","43","68,4612","51,2038","4133,438","68,3514","19913,67","220129,1","2989,907","703,6279","711,3953","7,7674","0","35,2136"
"","8","TOT-both-ss","totalizer","both","slot-service","100","43","11","46","0","43","62,4527","50,881","4130,855","62,3409","19945,49","220487,5","2994,558","704,4419","712,3721","7,8605","0,0698","34,9396"
"","","","","","","","","","","","","","","","","","","","","","","",""
"40_20_4","1","ORIGINAL","sorting-network","none","none","150","101","8","41","0","67,3","38,3865","34,0037","2377,847","38,3023","34411,72","137990,9","3000,97","579,2574","584,3564","4,9505","0,1485","29,5034"
"","2","SN-none-ss","sorting-network","none","slot-service","150","101","8","41","0","67,3","36,4885","33,6174","2376,569","36,4022","34765,63","139984,5","3000,97","579,2574","584,4653","5,1287","0,0792","29,5034"
"","3","SN-both-none","sorting-network","both","none","150","101","8","41","0","67,3","39,7195","36,3328","2378,745","39,6173","44640,67","169882,3","3000,97","579,2574","584,2079","4,8218","0,1287","29,5034"
"","4","SN-both-ss","sorting-network","both","slot-service","150","100","9","41","0","66,7","39,4125","36,3108","2426,275","39,3082","44745,18","170411,1","3012,53","579,72","584,69","4,84","0,13","29,2817"
"","5","TOT-none-none","totalizer","none","none","150","103","6","41","0","68,7","36,2079","29,4914","2280,863","36,1187","12541,14","155299,4","2991,621","579,0874","584,1553","4,9417","0,1262","29,6344"
"","6","TOT-none-ss","totalizer","none","slot-service","150","102","7","41","0","68","35,85","30,3358","2328,378","35,7571","12943,21","157964,9","3003,049","579,5098","584,6275","5","0,1176","29,4675"
"","7","TOT-both-none","totalizer","both","none","150","102","7","41","0","68","37,2386","31,2523","2329,322","37,1312","17338,25","180613,2","3003,049","579,5098","584,6176","5","0,1078","29,4675"
"","8","TOT-both-ss","totalizer","both","slot-service","150","102","7","41","0","68","38,0419","32,3367","2329,869","37,9333","17339,31","180539,9","3002,863","579,5392","584,598","4,9608","0,098","29,422"
"","","","","","","","","","","","","","","","","","","","","","","",""
"40_20_5","1","ORIGINAL","sorting-network","none","none","150","86","15","49","0","57,3","57,9051","51,0559","3105,1989","57,8089","46968,4186","188058,2326","3641,4419","725,8023","733,0233","7,1744","0,0465","33,6161"
"","2","SN-none-ss","sorting-network","none","slot-service","150","85","16","49","0","56,7","55,6898","50,372","3151,5575","55,5924","47065,6353","189139,2118","3619,8","724,7176","731,9176","7,2","0","36,0015"
"","3","SN-both-none","sorting-network","both","none","149","85","15","49","0","57","67,5316","55,8172","3131,1422","67,4121","60933,2706","231161,6706","3609,9412","723,6588","730,9412","7,2588","0,0235","36,2785"
"","4","SN-both-ss","sorting-network","both","slot-service","150","86","15","49","0","57,3","65,6341","58,1111","3109,6302","65,5127","60970,1977","231247,1628","3603,3721","724,1395","731,1977","7,0116","0,0465","36,1884"
"","5","TOT-none-none","totalizer","none","none","150","88","13","49","0","58,7","55,7307","47,1944","3008,6953","55,6179","16130,8182","225648,6364","3610,0568","724,2955","731,7955","7,4205","0,0795","35,5169"
"","6","TOT-none-ss","totalizer","none","slot-service","150","88","13","49","0","58,7","58,0991","48,4977","3010,0848","57,9821","16512,8409","228265,5227","3609,5227","724,8523","732,0568","7,1591","0,0455","35,4999"
"","7","TOT-both-none","totalizer","both","none","150","87","14","49","0","58","61,1963","49,5981","3059,4938","61,0656","22423,4598","260278,8046","3610,2069","723,8506","731,023","7,1724","0","36,0783"
"","8","TOT-both-ss","totalizer","both","slot-service","150","87","14","49","0","58","58,5061","50,099","3057,9335","58,3733","22444,977","260480,3678","3612,5057","724,2529","731,6207","7,2874","0,0805","35,7206"
"","","","","","","","","","","","","","","","","","","","","","","",""
"40_25_4","1","ORIGINAL","sorting-network","none","none","200","151","8","41","0","75,5","41,3485","35,7251","1795,2181","41,25","39585,9934","165225,3642","3470,0331","589,0066","593,6225","4,5166","0,0993","29,2744"
"","2","SN-none-ss","sorting-network","none","slot-service","200","151","8","41","0","75,5","39,2961","36,3938","1793,6685","39,1943","39930,4834","167383,7881","3470,0331","589,0066","593,7086","4,649","0,053","29,2744"
"","3","SN-both-none","sorting-network","both","none","200","151","8","41","0","75,5","43,0508","39,5162","1796,5033","42,9321","49718,596","197223,7351","3470,0331","589,0066","593,5563","4,4636","0,0861","29,2744"
"","4","SN-both-ss","sorting-network","both","slot-service","200","150","9","41","0","75","42,1054","39,6323","1831,5791","41,9839","49826,5467","197777,04","3480,8667","589,38","593,92","4,4533","0,0867","29,0095"
"","5","TOT-none-none","totalizer","none","none","200","153","6","41","0","76,5","36,691","31,899","1720,0686","36,5851","14400,3137","183534,6209","3457,6078","588,7647","593,3725","4,5229","0,085","29,4249"
"","6","TOT-none-ss","totalizer","none","slot-service","200","152","7","41","0","76","36,7179","32,2653","1755,9056","36,6081","14789,4145","186328,6053","3468,3421","589,1118","593,8026","4,6118","0,0789","29,2062"
"","7","TOT-both-none","totalizer","both","none","200","152","7","41","0","76","37,7406","32,8387","1756,6829","37,6173","19150,9079","209013,0197","3468,3421","589,1118","593,7434","4,5592","0,0724","29,2062"
"","8","TOT-both-ss","totalizer","both","slot-service","200","152","7","41","0","76","38,5607","33,8378","1757,3061","38,4361","19155,9868","208982,0921","3468,2171","589,1316","593,6842","4,4868","0,0658","29,169"
"","","","","","","","","","","","","","","","","","","","","","","",""
"40_25_5","1","ORIGINAL","sorting-network","none","none","200","135","15","50","0","67,5","61,1851","53,0052","2381,2999","61,0694","54655,9704","226219,0074","4229,3481","738,4074","744,8296","6,3926","0,0296","34,2712"
"","2","SN-none-ss","sorting-network","none","slot-service","200","134","16","50","0","67","59,9047","54,0188","2416,1361","59,787","54883,6791","228014,403","4220,0075","737,8134","744,1791","6,3657","0","36,0057"
"","3","SN-both-none","sorting-network","both","none","197","132","15","50","0","67","70,8818","61,4459","2423,1289","70,7433","68636,9924","269729,9015","4198,8409","736,6212","743,0985","6,4621","0,0152","36,4529"
"","4","SN-both-ss","sorting-network","both","slot-service","199","133","16","50","0","66,8","68,1438","61,8959","2433,483","67,9979","68581,3383","269407,3835","4189,6917","737,1955","743,5414","6,3158","0,0301","36,3711"
"","5","TOT-none-none","totalizer","none","none","200","137","13","50","0","68,5","56,8681","50,707","2306,9547","56,7249","18680,5109","269351,0511","4200,6058","737,2555","743,8686","6,562","0,0511","35,8465"
"","6","TOT-none-ss","totalizer","none","slot-service","200","137","13","50","0","68,5","58,6411","50,7794","2308,1691","58,4929","19032,1898","271838,8248","4200,2628","737,6131","743,9416","6,2993","0,0292","35,7062"
"","7","TOT-both-none","totalizer","both","none","200","136","14","50","0","68","60,8735","51,6593","2345,394","60,7103","24949,8309","304700,8088","4205,0441","737,0662","743,3676","6,3015","0","36,2908"
"","8","TOT-both-ss","totalizer","both","slot-service","200","136","14","50","0","68","60,5156","54,1932","2345,1506","60,3512","24968,7353","304851,1324","4206,5147","737,3235","743,7868","6,4118","0,0515","35,9701"