instance_name;lex-overtime__ORIGINAL_status;lex-overtime__ORIGINAL_weighted_reference;lex-overtime__ORIGINAL_stages;lex-overtime__ORIGINAL_elapsed_s;lex-overtime__ORIGINAL_vars;lex-overtime__SN-both-none_status;lex-overtime__SN-both-none_weighted_reference;lex-overtime__SN-both-none_stages;lex-overtime__SN-both-none_elapsed_s;lex-overtime__SN-both-none_vars;lex-overtime__SN-both-ss_status;lex-overtime__SN-both-ss_weighted_reference;lex-overtime__SN-both-ss_stages;lex-overtime__SN-both-ss_elapsed_s;lex-overtime__SN-both-ss_vars;lex-overtime__SN-none-ss_status;lex-overtime__SN-none-ss_weighted_reference;lex-overtime__SN-none-ss_stages;lex-overtime__SN-none-ss_elapsed_s;lex-overtime__SN-none-ss_vars;lex-overtime__TOT-both-none_status;lex-overtime__TOT-both-none_weighted_reference;lex-overtime__TOT-both-none_stages;lex-overtime__TOT-both-none_elapsed_s;lex-overtime__TOT-both-none_vars;lex-overtime__TOT-both-ss_status;lex-overtime__TOT-both-ss_weighted_reference;lex-overtime__TOT-both-ss_stages;lex-overtime__TOT-both-ss_elapsed_s;lex-overtime__TOT-both-ss_vars;lex-overtime__TOT-none-none_status;lex-overtime__TOT-none-none_weighted_reference;lex-overtime__TOT-none-none_stages;lex-overtime__TOT-none-none_elapsed_s;lex-overtime__TOT-none-none_vars;lex-overtime__TOT-none-ss_status;lex-overtime__TOT-none-ss_weighted_reference;lex-overtime__TOT-none-ss_stages;lex-overtime__TOT-none-ss_elapsed_s;lex-overtime__TOT-none-ss_vars
instance_30_10_4_1;OPTIMUM;404.0;0 | 0 | 404;63.108;75519;OPTIMUM;404.0;0 | 0 | 404;63.758;82462;OPTIMUM;404.0;0 | 0 | 404;61.345;82468;OPTIMUM;404.0;0 | 0 | 404;61.01;75525;OPTIMUM;404.0;0 | 0 | 404;61.811;69637;OPTIMUM;404.0;0 | 0 | 404;60.841;69643;OPTIMUM;404.0;0 | 0 | 404;60.658;66222;OPTIMUM;404.0;0 | 0 | 404;60.716;66228
instance_30_10_4_10;OPTIMUM;389.0;0 | 0 | 389;55.533;74110;OPTIMUM;389.0;0 | 0 | 389;56.068;80902;OPTIMUM;389.0;0 | 0 | 389;55.875;80903;OPTIMUM;389.0;0 | 0 | 389;54.544;74516;OPTIMUM;389.0;0 | 0 | 389;55.404;66292;OPTIMUM;389.0;0 | 0 | 389;55.381;66293;OPTIMUM;389.0;0 | 0 | 389;54.699;62937;OPTIMUM;389.0;0 | 0 | 389;54.223;63343
instance_30_10_4_11;OPTIMUM;371.0;0 | 0 | 371;42.167;77953;OPTIMUM;371.0;0 | 0 | 371;43.883;84614;OPTIMUM;371.0;0 | 0 | 371;44.023;84614;OPTIMUM;371.0;0 | 0 | 371;42.745;78362;OPTIMUM;371.0;0 | 0 | 371;43.514;70659;OPTIMUM;371.0;0 | 0 | 371;42.797;70659;OPTIMUM;371.0;0 | 0 | 371;40.838;67347;OPTIMUM;371.0;0 | 0 | 371;41.805;67756
instance_30_10_4_12;OPTIMUM;374.0;0 | 0 | 374;49.97;67533;OPTIMUM;374.0;0 | 0 | 374;51.401;75018;OPTIMUM;374.0;0 | 0 | 374;51.254;75018;OPTIMUM;374.0;0 | 0 | 374;49.997;67954;OPTIMUM;374.0;0 | 0 | 374;50.789;60699;OPTIMUM;374.0;0 | 0 | 374;50.764;60699;OPTIMUM;374.0;0 | 0 | 374;49.57;57169;OPTIMUM;374.0;0 | 0 | 374;49.666;57590
instance_30_10_4_13;UNSATISFIABLE;None;;0.034;0;UNSATISFIABLE;None;;0.055;0;UNSATISFIABLE;None;;0.051;0;UNSATISFIABLE;None;;0.034;0;UNSATISFIABLE;None;;0.037;0;UNSATISFIABLE;None;;0.037;0;UNSATISFIABLE;None;;0.03;0;UNSATISFIABLE;None;;0.036;0
instance_30_10_4_14;UNSATISFIABLE;None;;0.035;0;UNSATISFIABLE;None;;0.056;0;UNSATISFIABLE;None;;0.055;0;UNSATISFIABLE;None;;0.035;0;UNSATISFIABLE;None;;0.035;0;UNSATISFIABLE;None;;0.038;0;UNSATISFIABLE;None;;0.034;0;UNSATISFIABLE;None;;0.036;0
instance_30_10_4_15;UNSATISFIABLE;None;;0.025;0;UNSATISFIABLE;None;;0.035;0;UNSATISFIABLE;None;;0.036;0;UNSATISFIABLE;None;;0.028;0;UNSATISFIABLE;None;;0.032;0;UNSATISFIABLE;None;;0.031;0;UNSATISFIABLE;None;;0.023;0;UNSATISFIABLE;None;;0.027;0
instance_30_10_4_16;OPTIMUM;427.0;0 | 0 | 427;65.157;85738;OPTIMUM;427.0;0 | 0 | 427;65.25;92599;OPTIMUM;427.0;0 | 0 | 427;65.943;92605;OPTIMUM;427.0;0 | 0 | 427;65.179;86154;OPTIMUM;427.0;0 | 0 | 427;63.764;77964;OPTIMUM;427.0;0 | 0 | 427;63.756;77970;OPTIMUM;427.0;0 | 0 | 427;63.729;74616;OPTIMUM;427.0;0 | 0 | 427;64.706;75032
instance_30_10_4_17;OPTIMUM;400.0;0 | 0 | 400;49.631;70709;OPTIMUM;400.0;0 | 0 | 400;50.065;77984;OPTIMUM;400.0;0 | 0 | 400;50.094;77993;OPTIMUM;400.0;0 | 0 | 400;50.816;71147;OPTIMUM;400.0;0 | 0 | 400;50.526;68379;OPTIMUM;400.0;0 | 0 | 400;49.626;68388;OPTIMUM;400.0;0 | 0 | 400;42.679;64831;OPTIMUM;400.0;0 | 0 | 400;47.008;65269
instance_30_10_4_18;OPTIMUM;397.0;0 | 0 | 397;29.123;73055;OPTIMUM;397.0;0 | 0 | 397;29.617;79848;OPTIMUM;397.0;0 | 0 | 397;29.495;79848;OPTIMUM;397.0;0 | 0 | 397;29.101;73055;OPTIMUM;397.0;0 | 0 | 397;29.126;70469;OPTIMUM;397.0;0 | 0 | 397;29.123;70469;OPTIMUM;397.0;0 | 0 | 397;28.193;67051;OPTIMUM;397.0;0 | 0 | 397;28.253;67051
instance_30_10_4_19;UNSATISFIABLE;None;;0.042;0;UNSATISFIABLE;None;;0.066;0;UNSATISFIABLE;None;;0.065;0;UNSATISFIABLE;None;;0.046;0;UNSATISFIABLE;None;;0.046;0;UNSATISFIABLE;None;;0.047;0;UNSATISFIABLE;None;;0.043;0;UNSATISFIABLE;None;;0.045;0
instance_30_10_4_2;UNSATISFIABLE;None;;0.054;0;UNSATISFIABLE;None;;0.063;0;UNSATISFIABLE;None;;0.06;0;UNSATISFIABLE;None;;0.043;0;UNSATISFIABLE;None;;0.046;0;UNSATISFIABLE;None;;0.046;0;UNSATISFIABLE;None;;0.04;0;UNSATISFIABLE;None;;0.045;0
instance_30_10_4_20;UNSATISFIABLE;None;;0.034;0;UNSATISFIABLE;None;;0.055;0;UNSATISFIABLE;None;;0.054;0;UNSATISFIABLE;None;;0.036;0;UNSATISFIABLE;None;;0.038;0;UNSATISFIABLE;None;;0.039;0;UNSATISFIABLE;None;;0.036;0;UNSATISFIABLE;None;;0.038;0
instance_30_10_4_21;UNSATISFIABLE;None;;0.042;0;UNSATISFIABLE;None;;0.067;0;UNSATISFIABLE;None;;0.065;0;UNSATISFIABLE;None;;0.047;0;UNSATISFIABLE;None;;0.05;0;UNSATISFIABLE;None;;0.051;0;UNSATISFIABLE;None;;0.044;0;UNSATISFIABLE;None;;0.048;0
instance_30_10_4_22;UNSATISFIABLE;None;;0.039;0;UNSATISFIABLE;None;;0.067;0;UNSATISFIABLE;None;;0.07;0;UNSATISFIABLE;None;;0.055;0;UNSATISFIABLE;None;;0.055;0;UNSATISFIABLE;None;;0.058;0;UNSATISFIABLE;None;;0.037;0;UNSATISFIABLE;None;;0.042;0
instance_30_10_4_23;OPTIMUM;378.0;0 | 0 | 378;42.657;84165;OPTIMUM;378.0;0 | 0 | 378;43.136;91556;OPTIMUM;378.0;0 | 0 | 378;41.055;91557;OPTIMUM;378.0;0 | 0 | 378;40.656;84584;OPTIMUM;378.0;0 | 0 | 378;41.457;76172;OPTIMUM;378.0;0 | 0 | 378;42.437;76173;OPTIMUM;378.0;0 | 0 | 378;42.33;72678;OPTIMUM;378.0;0 | 0 | 378;41.399;73097
instance_30_10_4_24;OPTIMUM;384.0;0 | 1 | 385;60.43;74154;OPTIMUM;384.0;0 | 1 | 385;59.842;81682;OPTIMUM;384.0;0 | 1 | 385;61.157;81685;OPTIMUM;384.0;0 | 1 | 385;59.391;74574;OPTIMUM;384.0;0 | 1 | 385;59.871;69564;OPTIMUM;384.0;0 | 1 | 385;60.096;69567;OPTIMUM;384.0;0 | 1 | 385;58.103;66122;OPTIMUM;384.0;0 | 1 | 385;59.14;66542
instance_30_10_4_25;OPTIMUM;443.0;0 | 0 | 443;54.153;64625;OPTIMUM;443.0;0 | 0 | 443;55.784;71939;OPTIMUM;443.0;0 | 0 | 443;55.528;71942;OPTIMUM;443.0;0 | 0 | 443;55.182;65053;OPTIMUM;443.0;0 | 0 | 443;53.741;57326;OPTIMUM;443.0;0 | 0 | 443;53.737;57329;OPTIMUM;443.0;0 | 0 | 443;53.565;53730;OPTIMUM;443.0;0 | 0 | 443;54.608;54158
instance_30_10_4_26;UNSATISFIABLE;None;;0.047;0;UNSATISFIABLE;None;;0.076;0;UNSATISFIABLE;None;;0.074;0;UNSATISFIABLE;None;;0.049;0;UNSATISFIABLE;None;;0.068;0;UNSATISFIABLE;None;;0.058;0;UNSATISFIABLE;None;;0.046;0;UNSATISFIABLE;None;;0.051;0
instance_30_10_4_27;OPTIMUM;360.0;0 | 4 | 364;55.858;79864;OPTIMUM;360.0;0 | 4 | 364;57.478;86887;OPTIMUM;360.0;0 | 4 | 364;57.355;86892;OPTIMUM;360.0;0 | 4 | 364;55.05;80291;OPTIMUM;360.0;0 | 4 | 364;54.697;74664;OPTIMUM;360.0;0 | 4 | 364;57.306;74669;OPTIMUM;360.0;0 | 4 | 364;42.434;71214;OPTIMUM;360.0;0 | 4 | 364;47.597;71641
instance_30_10_4_28;UNSATISFIABLE;None;;0.027;0;UNSATISFIABLE;None;;0.037;0;UNSATISFIABLE;None;;0.036;0;UNSATISFIABLE;None;;0.029;0;UNSATISFIABLE;None;;0.03;0;UNSATISFIABLE;None;;0.032;0;UNSATISFIABLE;None;;0.024;0;UNSATISFIABLE;None;;0.029;0
instance_30_10_4_29;UNSATISFIABLE;None;;0.039;0;UNSATISFIABLE;None;;0.064;0;UNSATISFIABLE;None;;0.061;0;UNSATISFIABLE;None;;0.037;0;UNSATISFIABLE;None;;0.04;0;UNSATISFIABLE;None;;0.039;0;UNSATISFIABLE;None;;0.035;0;UNSATISFIABLE;None;;0.04;0
instance_30_10_4_3;UNSATISFIABLE;None;;0.037;0;UNSATISFIABLE;None;;0.064;0;UNSATISFIABLE;None;;0.059;0;UNSATISFIABLE;None;;0.037;0;UNSATISFIABLE;None;;0.04;0;UNSATISFIABLE;None;;0.04;0;UNSATISFIABLE;None;;0.035;0;UNSATISFIABLE;None;;0.04;0
instance_30_10_4_30;OPTIMUM;358.0;0 | 1 | 359;42.974;77911;OPTIMUM;358.0;0 | 1 | 359;42.594;84678;OPTIMUM;358.0;0 | 1 | 359;43.496;84678;OPTIMUM;358.0;0 | 1 | 359;43.058;78323;OPTIMUM;358.0;0 | 1 | 359;41.785;68954;OPTIMUM;358.0;0 | 1 | 359;41.575;68954;OPTIMUM;358.0;0 | 1 | 359;43.508;65623;OPTIMUM;358.0;0 | 1 | 359;42.108;66035
instance_30_10_4_31;OPTIMUM;369.0;0 | 6 | 375;55.891;72364;OPTIMUM;369.0;0 | 6 | 375;56.374;80221;OPTIMUM;369.0;0 | 6 | 375;54.24;80233;OPTIMUM;369.0;0 | 6 | 375;53.938;72814;OPTIMUM;369.0;0 | 6 | 375;54.793;67104;OPTIMUM;369.0;0 | 6 | 375;53.696;67116;OPTIMUM;369.0;0 | 6 | 375;48.635;63431;OPTIMUM;369.0;0 | 6 | 375;52.259;63881
instance_30_10_4_32;OPTIMUM;419.0;0 | 0 | 419;56.979;82138;OPTIMUM;419.0;0 | 0 | 419;56.493;89216;OPTIMUM;419.0;0 | 0 | 419;56.576;89232;OPTIMUM;419.0;0 | 0 | 419;56.013;82154;OPTIMUM;419.0;0 | 0 | 419;57.705;75930;OPTIMUM;419.0;0 | 0 | 419;56.806;75946;OPTIMUM;419.0;0 | 0 | 419;57.527;72511;OPTIMUM;419.0;0 | 0 | 419;56.59;72527
instance_30_10_4_33;OPTIMUM;433.0;0 | 0 | 433;68.226;70163;OPTIMUM;433.0;0 | 0 | 433;68.63;78410;OPTIMUM;433.0;0 | 0 | 433;68.643;78410;OPTIMUM;433.0;0 | 0 | 433;68.28;70604;OPTIMUM;433.0;0 | 0 | 433;68.177;65406;OPTIMUM;433.0;0 | 0 | 433;68.175;65406;OPTIMUM;433.0;0 | 0 | 433;67.957;61660;OPTIMUM;433.0;0 | 0 | 433;68.082;62101
instance_30_10_4_34;UNSATISFIABLE;None;;0.04;0;UNSATISFIABLE;None;;0.062;0;UNSATISFIABLE;None;;0.063;0;UNSATISFIABLE;None;;0.04;0;UNSATISFIABLE;None;;0.057;0;UNSATISFIABLE;None;;0.058;0;UNSATISFIABLE;None;;0.04;0;UNSATISFIABLE;None;;0.053;0
instance_30_10_4_35;UNSATISFIABLE;None;;0.035;0;UNSATISFIABLE;None;;0.055;0;UNSATISFIABLE;None;;0.052;0;UNSATISFIABLE;None;;0.035;0;UNSATISFIABLE;None;;0.035;0;UNSATISFIABLE;None;;0.038;0;UNSATISFIABLE;None;;0.033;0;UNSATISFIABLE;None;;0.037;0
instance_30_10_4_36;OPTIMUM;385.0;0 | 0 | 385;52.431;71974;OPTIMUM;385.0;0 | 0 | 385;52.788;78149;OPTIMUM;385.0;0 | 0 | 385;52.776;78160;OPTIMUM;385.0;0 | 0 | 385;52.469;72366;OPTIMUM;385.0;0 | 0 | 385;52.176;63933;OPTIMUM;385.0;0 | 0 | 385;52.159;63944;OPTIMUM;385.0;0 | 0 | 385;52.05;60914;OPTIMUM;385.0;0 | 0 | 385;52.136;61306
instance_30_10_4_37;OPTIMUM;432.0;0 | 0 | 432;64.795;73650;OPTIMUM;432.0;0 | 0 | 432;68.703;80887;OPTIMUM;432.0;0 | 0 | 432;67.542;80887;OPTIMUM;432.0;0 | 0 | 432;68.253;74071;OPTIMUM;432.0;0 | 0 | 432;67.425;68334;OPTIMUM;432.0;0 | 0 | 432;67.413;68334;OPTIMUM;432.0;0 | 0 | 432;66.875;64839;OPTIMUM;432.0;0 | 0 | 432;66.412;65260
instance_30_10_4_38;UNSATISFIABLE;None;;0.041;0;UNSATISFIABLE;None;;0.067;0;UNSATISFIABLE;None;;0.067;0;UNSATISFIABLE;None;;0.053;0;UNSATISFIABLE;None;;0.059;0;UNSATISFIABLE;None;;0.058;0;UNSATISFIABLE;None;;0.038;0;UNSATISFIABLE;None;;0.053;0
instance_30_10_4_39;UNSATISFIABLE;None;;0.035;0;UNSATISFIABLE;None;;0.054;0;UNSATISFIABLE;None;;0.053;0;UNSATISFIABLE;None;;0.036;0;UNSATISFIABLE;None;;0.05;0;UNSATISFIABLE;None;;0.05;0;UNSATISFIABLE;None;;0.035;0;UNSATISFIABLE;None;;0.04;0
instance_30_10_4_4;OPTIMUM;426.0;0 | 0 | 426;66.811;77796;OPTIMUM;426.0;0 | 0 | 426;67.24;84971;OPTIMUM;426.0;0 | 0 | 426;68.433;84991;OPTIMUM;426.0;0 | 0 | 426;68.046;78233;OPTIMUM;426.0;0 | 0 | 426;66.594;72589;OPTIMUM;426.0;0 | 0 | 426;67.678;72609;OPTIMUM;426.0;0 | 0 | 426;66.41;69115;OPTIMUM;426.0;0 | 0 | 426;67.621;69552
instance_30_10_4_40;UNSATISFIABLE;None;;0.046;0;UNSATISFIABLE;None;;0.072;0;UNSATISFIABLE;None;;0.07;0;UNSATISFIABLE;None;;0.04;0;UNSATISFIABLE;None;;0.055;0;UNSATISFIABLE;None;;0.055;0;UNSATISFIABLE;None;;0.036;0;UNSATISFIABLE;None;;0.039;0
instance_30_10_4_41;OPTIMUM;338.0;0 | 2 | 340;25.884;68385;OPTIMUM;338.0;0 | 2 | 340;26.629;75493;OPTIMUM;338.0;0 | 2 | 340;26.512;75517;OPTIMUM;338.0;0 | 2 | 340;24.258;68811;OPTIMUM;338.0;0 | 2 | 340;26.239;67500;OPTIMUM;338.0;0 | 2 | 340;24.277;67524;OPTIMUM;338.0;0 | 2 | 340;17.816;64153;OPTIMUM;338.0;0 | 2 | 340;19.339;64579
instance_30_10_4_42;UNSATISFIABLE;None;;0.038;0;UNSATISFIABLE;None;;0.066;0;UNSATISFIABLE;None;;0.064;0;UNSATISFIABLE;None;;0.037;0;UNSATISFIABLE;None;;0.058;0;UNSATISFIABLE;None;;0.059;0;UNSATISFIABLE;None;;0.049;0;UNSATISFIABLE;None;;0.052;0
instance_30_10_4_43;OPTIMUM;403.0;0 | 1 | 404;64.386;71629;OPTIMUM;403.0;0 | 1 | 404;61.901;78172;OPTIMUM;403.0;0 | 1 | 404;61.5;78178;OPTIMUM;403.0;0 | 1 | 404;60.072;72029;OPTIMUM;403.0;0 | 1 | 404;61.229;62716;OPTIMUM;403.0;0 | 1 | 404;59.89;62722;OPTIMUM;403.0;0 | 1 | 404;56.584;59526;OPTIMUM;403.0;0 | 1 | 404;59.845;59926
instance_30_10_4_44;UNSATISFIABLE;None;;0.058;0;UNSATISFIABLE;None;;0.093;0;UNSATISFIABLE;None;;0.091;0;UNSATISFIABLE;None;;0.057;0;UNSATISFIABLE;None;;0.06;0;UNSATISFIABLE;None;;0.062;0;UNSATISFIABLE;None;;0.056;0;UNSATISFIABLE;None;;0.05;0
instance_30_10_4_45;OPTIMUM;357.0;0 | 0 | 357;34.669;72924;OPTIMUM;357.0;0 | 0 | 357;41.62;80324;OPTIMUM;357.0;0 | 0 | 357;38.407;80332;OPTIMUM;357.0;0 | 0 | 357;33.302;73354;OPTIMUM;357.0;0 | 0 | 357;36.996;67552;OPTIMUM;357.0;0 | 0 | 357;37.722;67560;OPTIMUM;357.0;0 | 0 | 357;32.379;64001;OPTIMUM;357.0;0 | 0 | 357;33.95;64431
instance_30_10_4_46;UNSATISFIABLE;None;;0.025;0;UNSATISFIABLE;None;;0.041;0;UNSATISFIABLE;None;;0.039;0;UNSATISFIABLE;None;;0.028;0;UNSATISFIABLE;None;;0.033;0;UNSATISFIABLE;None;;0.034;0;UNSATISFIABLE;None;;0.027;0;UNSATISFIABLE;None;;0.029;0
instance_30_10_4_47;OPTIMUM;387.0;0 | 0 | 387;50.592;81433;OPTIMUM;387.0;0 | 0 | 387;51.058;88690;OPTIMUM;387.0;0 | 0 | 387;50.987;88707;OPTIMUM;387.0;0 | 0 | 387;50.611;81875;OPTIMUM;387.0;0 | 0 | 387;50.492;78249;OPTIMUM;387.0;0 | 0 | 387;50.493;78266;OPTIMUM;387.0;0 | 0 | 387;41.748;74714;OPTIMUM;387.0;0 | 0 | 387;46.468;75156
instance_30_10_4_48;OPTIMUM;373.0;0 | 0 | 373;3.648;76596;OPTIMUM;373.0;0 | 0 | 373;3.832;83554;OPTIMUM;373.0;0 | 0 | 373;3.85;83554;OPTIMUM;373.0;0 | 0 | 373;3.664;77010;OPTIMUM;373.0;0 | 0 | 373;3.667;74266;OPTIMUM;373.0;0 | 0 | 373;3.668;74266;OPTIMUM;373.0;0 | 0 | 373;3.552;70789;OPTIMUM;373.0;0 | 0 | 373;3.602;71203
instance_30_10_4_49;UNSATISFIABLE;None;;0.056;0;UNSATISFIABLE;None;;0.077;0;UNSATISFIABLE;None;;0.066;0;UNSATISFIABLE;None;;0.048;0;UNSATISFIABLE;None;;0.069;0;UNSATISFIABLE;None;;0.068;0;UNSATISFIABLE;None;;0.046;0;UNSATISFIABLE;None;;0.05;0
instance_30_10_4_5;OPTIMUM;414.0;0 | 1 | 415;42.713;80482;OPTIMUM;414.0;0 | 1 | 415;43.109;86718;OPTIMUM;414.0;0 | 1 | 415;44.069;86722;OPTIMUM;414.0;0 | 1 | 415;41.784;80869;OPTIMUM;414.0;0 | 1 | 415;42.585;75808;OPTIMUM;414.0;0 | 1 | 415;43.551;75812;OPTIMUM;414.0;0 | 1 | 415;42.402;72676;OPTIMUM;414.0;0 | 1 | 415;43.467;73063
instance_30_10_4_50;UNSATISFIABLE;None;;0.039;0;UNSATISFIABLE;None;;0.068;0;UNSATISFIABLE;None;;0.065;0;UNSATISFIABLE;None;;0.039;0;UNSATISFIABLE;None;;0.058;0;UNSATISFIABLE;None;;0.06;0;UNSATISFIABLE;None;;0.039;0;UNSATISFIABLE;None;;0.052;0
instance_30_10_4_6;OPTIMUM;384.0;0 | 0 | 384;65.504;76984;OPTIMUM;384.0;0 | 0 | 384;65.899;84315;OPTIMUM;384.0;0 | 0 | 384;65.935;84315;OPTIMUM;384.0;0 | 0 | 384;65.504;76984;OPTIMUM;384.0;0 | 0 | 384;65.37;71280;OPTIMUM;384.0;0 | 0 | 384;65.346;71280;OPTIMUM;384.0;0 | 0 | 384;66.078;67740;OPTIMUM;384.0;0 | 0 | 384;66.095;67740
instance_30_10_4_7;UNSATISFIABLE;None;;0.037;0;UNSATISFIABLE;None;;0.059;0;UNSATISFIABLE;None;;0.064;0;UNSATISFIABLE;None;;0.038;0;UNSATISFIABLE;None;;0.04;0;UNSATISFIABLE;None;;0.04;0;UNSATISFIABLE;None;;0.038;0;UNSATISFIABLE;None;;0.038;0
instance_30_10_4_8;OPTIMUM;398.0;0 | 1 | 399;53.01;70002;OPTIMUM;398.0;0 | 1 | 399;53.279;76837;OPTIMUM;398.0;0 | 1 | 399;55.258;76846;OPTIMUM;398.0;0 | 1 | 399;54.993;70414;OPTIMUM;398.0;0 | 1 | 399;55.786;63790;OPTIMUM;398.0;0 | 1 | 399;55.795;63799;OPTIMUM;398.0;0 | 1 | 399;51.403;60419;OPTIMUM;398.0;0 | 1 | 399;54.658;60831
instance_30_10_4_9;UNSATISFIABLE;None;;0.037;0;UNSATISFIABLE;None;;0.062;0;UNSATISFIABLE;None;;0.066;0;UNSATISFIABLE;None;;0.04;0;UNSATISFIABLE;None;;0.04;0;UNSATISFIABLE;None;;0.052;0;UNSATISFIABLE;None;;0.036;0;UNSATISFIABLE;None;;0.04;0
instance_30_10_5_1;OPTIMUM;486.0;0 | 0 | 486;76.392;98989;OPTIMUM;486.0;0 | 0 | 486;77.986;109897;OPTIMUM;486.0;0 | 0 | 486;76.864;109910;OPTIMUM;486.0;0 | 0 | 486;76.44;99529;OPTIMUM;486.0;0 | 0 | 486;75.257;93228;OPTIMUM;486.0;0 | 0 | 486;76.14;93241;OPTIMUM;486.0;0 | 0 | 486;75.846;88513;OPTIMUM;486.0;0 | 0 | 486;75.977;89053
instance_30_10_5_10;OPTIMUM;477.0;0 | 1 | 478;54.392;109542;OPTIMUM;477.0;0 | 1 | 478;54.581;119575;OPTIMUM;477.0;0 | 1 | 478;55.102;119578;OPTIMUM;477.0;0 | 1 | 478;53.771;110065;OPTIMUM;477.0;0 | 1 | 478;54.007;103628;OPTIMUM;477.0;0 | 1 | 478;53.475;103631;OPTIMUM;477.0;0 | 1 | 478;53.523;99006;OPTIMUM;477.0;0 | 1 | 478;53.525;99529
instance_30_10_5_11;UNSATISFIABLE;None;;0.04;0;UNSATISFIABLE;None;;0.07;0;UNSATISFIABLE;None;;0.066;0;UNSATISFIABLE;None;;0.042;0;UNSATISFIABLE;None;;0.06;0;UNSATISFIABLE;None;;0.061;0;UNSATISFIABLE;None;;0.039;0;UNSATISFIABLE;None;;0.043;0
instance_30_10_5_12;UNSATISFIABLE;None;;0.055;0;UNSATISFIABLE;None;;0.074;0;UNSATISFIABLE;None;;0.07;0;UNSATISFIABLE;None;;0.061;0;UNSATISFIABLE;None;;0.067;0;UNSATISFIABLE;None;;0.068;0;UNSATISFIABLE;None;;0.049;0;UNSATISFIABLE;None;;0.066;0
instance_30_10_5_13;UNSATISFIABLE;None;;0.069;0;UNSATISFIABLE;None;;0.094;0;UNSATISFIABLE;None;;0.096;0;UNSATISFIABLE;None;;0.074;0;UNSATISFIABLE;None;;0.075;0;UNSATISFIABLE;None;;0.078;0;UNSATISFIABLE;None;;0.063;0;UNSATISFIABLE;None;;0.074;0
instance_30_10_5_14;UNSATISFIABLE;None;;0.197;0;UNSATISFIABLE;None;;0.172;0;UNSATISFIABLE;None;;0.173;0;UNSATISFIABLE;None;;0.195;0;UNSATISFIABLE;None;;0.124;0;UNSATISFIABLE;None;;0.125;0;UNSATISFIABLE;None;;0.092;0;UNSATISFIABLE;None;;0.097;0
instance_30_10_5_15;UNSATISFIABLE;None;;0.115;0;UNSATISFIABLE;None;;0.157;0;UNSATISFIABLE;None;;0.155;0;UNSATISFIABLE;None;;0.097;0;UNSATISFIABLE;None;;0.09;0;UNSATISFIABLE;None;;0.092;0;UNSATISFIABLE;None;;0.072;0;UNSATISFIABLE;None;;0.077;0
instance_30_10_5_16;OPTIMUM;473.0;0 | 0 | 473;55.124;85975;OPTIMUM;473.0;0 | 0 | 473;57.022;95886;OPTIMUM;473.0;0 | 0 | 473;57.029;95886;OPTIMUM;473.0;0 | 0 | 473;55.208;85975;OPTIMUM;473.0;0 | 0 | 473;55.943;74341;OPTIMUM;473.0;0 | 0 | 473;54.989;74341;OPTIMUM;473.0;0 | 0 | 473;57.801;69905;OPTIMUM;473.0;0 | 0 | 473;56.819;69905
instance_30_10_5_17;OPTIMUM;414.0;0 | 0 | 414;52.385;93609;OPTIMUM;414.0;0 | 0 | 414;54.056;103755;OPTIMUM;414.0;0 | 0 | 414;53.123;103760;OPTIMUM;414.0;0 | 0 | 414;50.418;94137;OPTIMUM;414.0;0 | 0 | 414;52.39;89255;OPTIMUM;414.0;0 | 0 | 414;51.452;89260;OPTIMUM;414.0;0 | 0 | 414;48.382;84615;OPTIMUM;414.0;0 | 0 | 414;53.08;85143
instance_30_10_5_18;OPTIMUM;516.0;0 | 2 | 518;73.108;100058;OPTIMUM;516.0;0 | 2 | 518;74.386;110366;OPTIMUM;516.0;0 | 2 | 518;72.848;110366;OPTIMUM;516.0;0 | 2 | 518;72.468;100579;OPTIMUM;516.0;0 | 2 | 518;69.721;89602;OPTIMUM;516.0;0 | 2 | 518;70.477;89602;OPTIMUM;516.0;0 | 2 | 518;67.392;84865;OPTIMUM;516.0;0 | 2 | 518;71.25;85386
instance_30_10_5_19;UNSATISFIABLE;None;;0.038;0;UNSATISFIABLE;None;;0.065;0;UNSATISFIABLE;None;;0.066;0;UNSATISFIABLE;None;;0.049;0;UNSATISFIABLE;None;;0.06;0;UNSATISFIABLE;None;;0.06;0;UNSATISFIABLE;None;;0.037;0;UNSATISFIABLE;None;;0.051;0
instance_30_10_5_2;UNSATISFIABLE;None;;0.08;0;UNSATISFIABLE;None;;0.107;0;UNSATISFIABLE;None;;0.12;0;UNSATISFIABLE;None;;0.059;0;UNSATISFIABLE;None;;0.081;0;UNSATISFIABLE;None;;0.083;0;UNSATISFIABLE;None;;0.058;0;UNSATISFIABLE;None;;0.063;0
instance_30_10_5_20;UNSATISFIABLE;None;;0.052;0;UNSATISFIABLE;None;;0.079;0;UNSATISFIABLE;None;;0.077;0;UNSATISFIABLE;None;;0.055;0;UNSATISFIABLE;None;;0.073;0;UNSATISFIABLE;None;;0.077;0;UNSATISFIABLE;None;;0.06;0;UNSATISFIABLE;None;;0.064;0
instance_30_10_5_21;UNSATISFIABLE;None;;0.04;0;UNSATISFIABLE;None;;0.07;0;UNSATISFIABLE;None;;0.066;0;UNSATISFIABLE;None;;0.053;0;UNSATISFIABLE;None;;0.059;0;UNSATISFIABLE;None;;0.061;0;UNSATISFIABLE;None;;0.042;0;UNSATISFIABLE;None;;0.043;0
instance_30_10_5_22;OPTIMUM;495.0;0 | 2 | 497;56.995;107156;OPTIMUM;495.0;0 | 2 | 497;57.865;116702;OPTIMUM;495.0;0 | 2 | 497;57.394;116710;OPTIMUM;495.0;0 | 2 | 497;57.749;107670;OPTIMUM;495.0;0 | 2 | 497;56.371;97801;OPTIMUM;495.0;0 | 2 | 497;56.434;97809;OPTIMUM;495.0;0 | 2 | 497;55.221;93239;OPTIMUM;495.0;0 | 2 | 497;56.276;93753
instance_30_10_5_23;UNSATISFIABLE;None;;0.038;0;UNSATISFIABLE;None;;0.062;0;UNSATISFIABLE;None;;0.063;0;UNSATISFIABLE;None;;0.04;0;UNSATISFIABLE;None;;0.052;0;UNSATISFIABLE;None;;0.043;0;UNSATISFIABLE;None;;0.038;0;UNSATISFIABLE;None;;0.041;0
instance_30_10_5_24;UNSATISFIABLE;None;;0.048;0;UNSATISFIABLE;None;;0.077;0;UNSATISFIABLE;None;;0.075;0;UNSATISFIABLE;None;;0.05;0;UNSATISFIABLE;None;;0.061;0;UNSATISFIABLE;None;;0.073;0;UNSATISFIABLE;None;;0.048;0;UNSATISFIABLE;None;;0.054;0
instance_30_10_5_25;UNSATISFIABLE;None;;0.071;0;UNSATISFIABLE;None;;0.082;0;UNSATISFIABLE;None;;0.074;0;UNSATISFIABLE;None;;0.07;0;UNSATISFIABLE;None;;0.072;0;UNSATISFIABLE;None;;0.072;0;UNSATISFIABLE;None;;0.068;0;UNSATISFIABLE;None;;0.073;0
instance_30_10_5_26;UNSATISFIABLE;None;;0.034;0;UNSATISFIABLE;None;;0.055;0;UNSATISFIABLE;None;;0.056;0;UNSATISFIABLE;None;;0.038;0;UNSATISFIABLE;None;;0.039;0;UNSATISFIABLE;None;;0.04;0;UNSATISFIABLE;None;;0.033;0;UNSATISFIABLE;None;;0.037;0
instance_30_10_5_27;UNSATISFIABLE;None;;0.048;0;UNSATISFIABLE;None;;0.079;0;UNSATISFIABLE;None;;0.079;0;UNSATISFIABLE;None;;0.051;0;UNSATISFIABLE;None;;0.071;0;UNSATISFIABLE;None;;0.068;0;UNSATISFIABLE;None;;0.048;0;UNSATISFIABLE;None;;0.05;0
instance_30_10_5_28;UNSATISFIABLE;None;;0.038;0;UNSATISFIABLE;None;;0.062;0;UNSATISFIABLE;None;;0.065;0;UNSATISFIABLE;None;;0.033;0;UNSATISFIABLE;None;;0.04;0;UNSATISFIABLE;None;;0.041;0;UNSATISFIABLE;None;;0.037;0;UNSATISFIABLE;None;;0.036;0
instance_30_10_5_29;UNSATISFIABLE;None;;0.036;0;UNSATISFIABLE;None;;0.053;0;UNSATISFIABLE;None;;0.055;0;UNSATISFIABLE;None;;0.035;0;UNSATISFIABLE;None;;0.037;0;UNSATISFIABLE;None;;0.037;0;UNSATISFIABLE;None;;0.037;0;UNSATISFIABLE;None;;0.038;0
instance_30_10_5_3;OPTIMUM;470.0;0 | 2 | 472;50.097;90830;OPTIMUM;470.0;0 | 2 | 472;51.138;100954;OPTIMUM;470.0;0 | 2 | 472;52.194;100954;OPTIMUM;470.0;0 | 2 | 472;53.348;91344;OPTIMUM;470.0;0 | 2 | 472;54.748;82159;OPTIMUM;470.0;0 | 2 | 472;49.737;82159;OPTIMUM;470.0;0 | 2 | 472;53.496;77582;OPTIMUM;470.0;0 | 2 | 472;52.647;78096
instance_30_10_5_30;UNSATISFIABLE;None;;0.055;0;UNSATISFIABLE;None;;0.071;0;UNSATISFIABLE;None;;0.069;0;UNSATISFIABLE;None;;0.054;0;UNSATISFIABLE;None;;0.06;0;UNSATISFIABLE;None;;0.061;0;UNSATISFIABLE;None;;0.04;0;UNSATISFIABLE;None;;0.041;0
instance_30_10_5_31;OPTIMUM;506.0;0 | 0 | 506;48.298;91440;OPTIMUM;506.0;0 | 0 | 506;51.478;101029;OPTIMUM;506.0;0 | 0 | 506;48.296;101033;OPTIMUM;506.0;0 | 0 | 506;48.682;91949;OPTIMUM;506.0;0 | 0 | 506;49.451;85433;OPTIMUM;506.0;0 | 0 | 506;46.425;85437;OPTIMUM;506.0;0 | 0 | 506;47.634;81000;OPTIMUM;506.0;0 | 0 | 506;47.278;81509
instance_30_10_5_32;OPTIMUM;543.0;0 | 0 | 543;88.935;106804;OPTIMUM;543.0;0 | 0 | 543;89.505;116551;OPTIMUM;543.0;0 | 0 | 543;89.032;116561;OPTIMUM;543.0;0 | 0 | 543;87.379;107322;OPTIMUM;543.0;0 | 0 | 543;88.695;98055;OPTIMUM;543.0;0 | 0 | 543;88.72;98065;OPTIMUM;543.0;0 | 0 | 543;89.011;93645;OPTIMUM;543.0;0 | 0 | 543;89.487;94163
instance_30_10_5_33;OPTIMUM;552.0;0 | 0 | 552;82.376;105382;OPTIMUM;552.0;0 | 0 | 552;83.273;115486;OPTIMUM;552.0;0 | 0 | 552;81.875;115504;OPTIMUM;552.0;0 | 0 | 552;80.308;105400;OPTIMUM;552.0;0 | 0 | 552;80.921;90981;OPTIMUM;552.0;0 | 0 | 552;76.184;90999;OPTIMUM;552.0;0 | 0 | 552;77.651;86322;OPTIMUM;552.0;0 | 0 | 552;76.25;86340
instance_30_10_5_34;OPTIMUM;446.0;0 | 3 | 449;56.237;115008;OPTIMUM;446.0;0 | 3 | 449;54.506;125216;OPTIMUM;446.0;0 | 3 | 449;57.192;125216;OPTIMUM;446.0;0 | 3 | 449;52.348;115515;OPTIMUM;446.0;0 | 3 | 449;51.838;104125;OPTIMUM;446.0;0 | 3 | 449;52.744;104125;OPTIMUM;446.0;0 | 3 | 449;55.681;99630;OPTIMUM;446.0;0 | 3 | 449;51.472;100137
instance_30_10_5_35;OPTIMUM;492.0;0 | 0 | 492;51.245;111102;OPTIMUM;492.0;0 | 0 | 492;53.556;121191;OPTIMUM;492.0;0 | 0 | 492;52.821;121197;OPTIMUM;492.0;0 | 0 | 492;52.289;111652;OPTIMUM;492.0;0 | 0 | 492;52.809;101352;OPTIMUM;492.0;0 | 0 | 492;52.232;101358;OPTIMUM;492.0;0 | 0 | 492;53.258;96540;OPTIMUM;492.0;0 | 0 | 492;51.735;97090
instance_30_10_5_36;OPTIMUM;485.0;0 | 4 | 489;60.657;111349;OPTIMUM;485.0;0 | 4 | 489;62.048;121754;OPTIMUM;485.0;0 | 4 | 489;65.775;121766;OPTIMUM;485.0;0 | 4 | 489;63.092;111876;OPTIMUM;485.0;0 | 4 | 489;60.387;96587;OPTIMUM;485.0;0 | 4 | 489;60.218;96599;OPTIMUM;485.0;0 | 4 | 489;60.095;92053;OPTIMUM;485.0;0 | 4 | 489;61.219;92580
instance_30_10_5_37;OPTIMUM;494.0;0 | 0 | 494;25.56;96790;OPTIMUM;494.0;0 | 0 | 494;26.984;106704;OPTIMUM;494.0;0 | 0 | 494;28.018;106704;OPTIMUM;494.0;0 | 0 | 494;26.217;97301;OPTIMUM;494.0;0 | 0 | 494;25.852;93414;OPTIMUM;494.0;0 | 0 | 494;24.983;93414;OPTIMUM;494.0;0 | 0 | 494;22.702;88942;OPTIMUM;494.0;0 | 0 | 494;24.375;89453
instance_30_10_5_38;OPTIMUM;518.0;0 | 0 | 518;74.659;111566;OPTIMUM;518.0;0 | 0 | 518;75.247;121502;OPTIMUM;518.0;0 | 0 | 518;75.345;121502;OPTIMUM;518.0;0 | 0 | 518;75.006;112080;OPTIMUM;518.0;0 | 0 | 518;74.403;104940;OPTIMUM;518.0;0 | 0 | 518;74.423;104940;OPTIMUM;518.0;0 | 0 | 518;74.226;100374;OPTIMUM;518.0;0 | 0 | 518;74.288;100888
instance_30_10_5_39;OPTIMUM;520.0;0 | 1 | 521;60.496;111364;OPTIMUM;520.0;0 | 1 | 521;59.305;120363;OPTIMUM;520.0;0 | 1 | 521;59.867;120364;OPTIMUM;520.0;0 | 1 | 521;60.617;111856;OPTIMUM;520.0;0 | 1 | 521;60.416;105513;OPTIMUM;520.0;0 | 1 | 521;58.472;105514;OPTIMUM;520.0;0 | 1 | 521;59.035;101276;OPTIMUM;520.0;0 | 1 | 521;60.05;101768
instance_30_10_5_4;UNSATISFIABLE;None;;0.036;0;UNSATISFIABLE;None;;0.064;0;UNSATISFIABLE;None;;0.067;0;UNSATISFIABLE;None;;0.037;0;UNSATISFIABLE;None;;0.04;0;UNSATISFIABLE;None;;0.042;0;UNSATISFIABLE;None;;0.036;0;UNSATISFIABLE;None;;0.04;0
instance_30_10_5_40;UNSATISFIABLE;None;;0.039;0;UNSATISFIABLE;None;;0.066;0;UNSATISFIABLE;None;;0.071;0;UNSATISFIABLE;None;;0.037;0;UNSATISFIABLE;None;;0.062;0;UNSATISFIABLE;None;;0.063;0;UNSATISFIABLE;None;;0.041;0;UNSATISFIABLE;None;;0.044;0
instance_30_10_5_41;UNSATISFIABLE;None;;0.065;0;UNSATISFIABLE;None;;0.071;0;UNSATISFIABLE;None;;0.076;0;UNSATISFIABLE;None;;0.06;0;UNSATISFIABLE;None;;0.069;0;UNSATISFIABLE;None;;0.068;0;UNSATISFIABLE;None;;0.065;0;UNSATISFIABLE;None;;0.065;0
instance_30_10_5_42;OPTIMUM;474.0;0 | 1 | 475;74.047;108637;OPTIMUM;474.0;0 | 1 | 475;76.665;118663;OPTIMUM;474.0;0 | 1 | 475;76.868;118663;OPTIMUM;474.0;0 | 1 | 475;74.118;108637;OPTIMUM;474.0;0 | 1 | 475;75.657;97047;OPTIMUM;474.0;0 | 1 | 475;75.624;97047;OPTIMUM;474.0;0 | 1 | 475;72.373;92584;OPTIMUM;474.0;0 | 1 | 475;72.386;92584
instance_30_10_5_43;UNSATISFIABLE;None;;0.048;0;UNSATISFIABLE;None;;0.068;0;UNSATISFIABLE;None;;0.071;0;UNSATISFIABLE;None;;0.039;0;UNSATISFIABLE;None;;0.061;0;UNSATISFIABLE;None;;0.06;0;UNSATISFIABLE;None;;0.039;0;UNSATISFIABLE;None;;0.04;0
instance_30_10_5_44;UNSATISFIABLE;None;;0.098;0;UNSATISFIABLE;None;;0.132;0;UNSATISFIABLE;None;;0.147;0;UNSATISFIABLE;None;;0.101;0;UNSATISFIABLE;None;;0.098;0;UNSATISFIABLE;None;;0.095;0;UNSATISFIABLE;None;;0.083;0;UNSATISFIABLE;None;;0.078;0
instance_30_10_5_45;UNSATISFIABLE;None;;0.038;0;UNSATISFIABLE;None;;0.064;0;UNSATISFIABLE;None;;0.07;0;UNSATISFIABLE;None;;0.051;0;UNSATISFIABLE;None;;0.058;0;UNSATISFIABLE;None;;0.062;0;UNSATISFIABLE;None;;0.04;0;UNSATISFIABLE;None;;0.043;0
instance_30_10_5_46;UNSATISFIABLE;None;;0.031;0;UNSATISFIABLE;None;;0.037;0;UNSATISFIABLE;None;;0.042;0;UNSATISFIABLE;None;;0.036;0;UNSATISFIABLE;None;;0.035;0;UNSATISFIABLE;None;;0.035;0;UNSATISFIABLE;None;;0.033;0;UNSATISFIABLE;None;;0.036;0
instance_30_10_5_47;UNSATISFIABLE;None;;0.034;0;UNSATISFIABLE;None;;0.039;0;UNSATISFIABLE;None;;0.04;0;UNSATISFIABLE;None;;0.036;0;UNSATISFIABLE;None;;0.034;0;UNSATISFIABLE;None;;0.036;0;UNSATISFIABLE;None;;0.032;0;UNSATISFIABLE;None;;0.036;0
instance_30_10_5_48;OPTIMUM;472.0;0 | 1 | 473;61.948;105387;OPTIMUM;472.0;0 | 1 | 473;69.085;114232;OPTIMUM;472.0;0 | 1 | 473;66.78;114271;OPTIMUM;472.0;0 | 1 | 473;60.514;105936;OPTIMUM;472.0;0 | 1 | 473;66.164;98924;OPTIMUM;472.0;0 | 1 | 473;64.549;98963;OPTIMUM;472.0;0 | 1 | 473;62.55;94548;OPTIMUM;472.0;0 | 1 | 473;64.964;95097
instance_30_10_5_49;TIMEOUT;None;0;300.106;17836;TIMEOUT;None;0;300.118;27991;TIMEOUT;None;0;300.116;27993;TIMEOUT;None;0;300.106;18347;TIMEOUT;None;0;300.117;10627;TIMEOUT;None;0;300.114;10629;TIMEOUT;None;0 | 3;300.126;6081;TIMEOUT;None;0 | 3;300.122;6592
instance_30_10_5_5;UNSATISFIABLE;None;;0.04;0;UNSATISFIABLE;None;;0.067;0;UNSATISFIABLE;None;;0.073;0;UNSATISFIABLE;None;;0.052;0;UNSATISFIABLE;None;;0.063;0;UNSATISFIABLE;None;;0.062;0;UNSATISFIABLE;None;;0.05;0;UNSATISFIABLE;None;;0.053;0
instance_30_10_5_50;UNSATISFIABLE;None;;0.054;0;UNSATISFIABLE;None;;0.066;0;UNSATISFIABLE;None;;0.075;0;UNSATISFIABLE;None;;0.057;0;UNSATISFIABLE;None;;0.062;0;UNSATISFIABLE;None;;0.063;0;UNSATISFIABLE;None;;0.062;0;UNSATISFIABLE;None;;0.059;0
instance_30_10_5_6;UNSATISFIABLE;None;;0.038;0;UNSATISFIABLE;None;;0.067;0;UNSATISFIABLE;None;;0.066;0;UNSATISFIABLE;None;;0.039;0;UNSATISFIABLE;None;;0.058;0;UNSATISFIABLE;None;;0.05;0;UNSATISFIABLE;None;;0.037;0;UNSATISFIABLE;None;;0.041;0
instance_30_10_5_7;UNSATISFIABLE;None;;0.065;0;UNSATISFIABLE;None;;0.109;0;UNSATISFIABLE;None;;0.102;0;UNSATISFIABLE;None;;0.056;0;UNSATISFIABLE;None;;0.07;0;UNSATISFIABLE;None;;0.068;0;UNSATISFIABLE;None;;0.045;0;UNSATISFIABLE;None;;0.062;0
instance_30_10_5_8;OPTIMUM;535.0;0 | 0 | 535;80.994;96161;OPTIMUM;535.0;0 | 0 | 535;81.942;106258;OPTIMUM;535.0;0 | 0 | 535;81.805;106258;OPTIMUM;535.0;0 | 0 | 535;81.019;96668;OPTIMUM;535.0;0 | 0 | 535;80.505;89864;OPTIMUM;535.0;0 | 0 | 535;80.542;89864;OPTIMUM;535.0;0 | 0 | 535;80.302;85426;OPTIMUM;535.0;0 | 0 | 535;80.331;85933
instance_30_10_5_9;OPTIMUM;470.0;0 | 3 | 473;50.722;82439;OPTIMUM;470.0;0 | 3 | 473;50.944;92536;OPTIMUM;470.0;0 | 3 | 473;53.621;92542;OPTIMUM;470.0;0 | 3 | 473;49.673;82960;OPTIMUM;470.0;0 | 3 | 473;50.245;77588;OPTIMUM;470.0;0 | 3 | 473;50.878;77594;OPTIMUM;470.0;0 | 3 | 473;49.19;73005;OPTIMUM;470.0;0 | 3 | 473;53.259;73526
instance_30_15_4_1;OPTIMUM;438.0;0 | 0 | 438;80.746;118519;OPTIMUM;438.0;0 | 0 | 438;79.312;125133;OPTIMUM;438.0;0 | 0 | 438;80.261;125145;OPTIMUM;438.0;0 | 0 | 438;82.296;118932;OPTIMUM;438.0;0 | 0 | 438;78.759;107150;OPTIMUM;438.0;0 | 0 | 438;78.879;107162;OPTIMUM;438.0;0 | 0 | 438;80.05;103978;OPTIMUM;438.0;0 | 0 | 438;78.798;104391
instance_30_15_4_10;OPTIMUM;410.0;0 | 0 | 410;70.289;117796;OPTIMUM;410.0;0 | 0 | 410;70.719;123970;OPTIMUM;410.0;0 | 0 | 410;70.908;123970;OPTIMUM;410.0;0 | 0 | 410;70.32;118200;OPTIMUM;410.0;0 | 0 | 410;69.943;108536;OPTIMUM;410.0;0 | 0 | 410;69.966;108536;OPTIMUM;410.0;0 | 0 | 410;69.885;105385;OPTIMUM;410.0;0 | 0 | 410;69.928;105789
instance_30_15_4_11;OPTIMUM;406.0;0 | 0 | 406;70.005;93940;OPTIMUM;406.0;0 | 0 | 406;70.218;102088;OPTIMUM;406.0;0 | 0 | 406;71.231;102088;OPTIMUM;406.0;0 | 0 | 406;68.778;94381;OPTIMUM;406.0;0 | 0 | 406;70.673;87560;OPTIMUM;406.0;0 | 0 | 406;70.975;87560;OPTIMUM;406.0;0 | 0 | 406;68.734;83729;OPTIMUM;406.0;0 | 0 | 406;71.345;84170
instance_30_15_4_12;OPTIMUM;439.0;0 | 0 | 439;69.674;106903;OPTIMUM;439.0;0 | 0 | 439;70.064;114463;OPTIMUM;439.0;0 | 0 | 439;72.601;114475;OPTIMUM;439.0;0 | 0 | 439;70.709;107345;OPTIMUM;439.0;0 | 0 | 439;70.119;99032;OPTIMUM;439.0;0 | 0 | 439;69.697;99044;OPTIMUM;439.0;0 | 0 | 439;68.93;95521;OPTIMUM;439.0;0 | 0 | 439;71.107;95963
instance_30_15_4_13;OPTIMUM;383.0;0 | 3 | 386;53.336;94674;OPTIMUM;383.0;0 | 3 | 386;60.754;102040;OPTIMUM;383.0;0 | 3 | 386;56.177;102040;OPTIMUM;383.0;0 | 3 | 386;54.549;95096;OPTIMUM;383.0;0 | 3 | 386;55.241;89359;OPTIMUM;383.0;0 | 3 | 386;62.604;89359;OPTIMUM;383.0;0 | 3 | 386;53.92;85846;OPTIMUM;383.0;0 | 3 | 386;56.361;86268
instance_30_15_4_14;OPTIMUM;389.0;0 | 0 | 389;72.605;112462;OPTIMUM;389.0;0 | 0 | 389;73.111;119308;OPTIMUM;389.0;0 | 0 | 389;73.277;119310;OPTIMUM;389.0;0 | 0 | 389;72.829;112888;OPTIMUM;389.0;0 | 0 | 389;72.402;106046;OPTIMUM;389.0;0 | 0 | 389;72.393;106048;OPTIMUM;389.0;0 | 0 | 389;72.335;102666;OPTIMUM;389.0;0 | 0 | 389;72.4;103092
instance_30_15_4_15;OPTIMUM;446.0;0 | 0 | 446;76.357;114652;OPTIMUM;446.0;0 | 0 | 446;76.797;121382;OPTIMUM;446.0;0 | 0 | 446;79.89;121394;OPTIMUM;446.0;0 | 0 | 446;78.706;115097;OPTIMUM;446.0;0 | 0 | 446;77.849;102297;OPTIMUM;446.0;0 | 0 | 446;77.802;102309;OPTIMUM;446.0;0 | 0 | 446;75.752;98971;OPTIMUM;446.0;0 | 0 | 446;77.709;99416
instance_30_15_4_16;OPTIMUM;398.0;0 | 0 | 398;52.842;110767;OPTIMUM;398.0;0 | 0 | 398;53.163;117480;OPTIMUM;398.0;0 | 0 | 398;53.228;117480;OPTIMUM;398.0;0 | 0 | 398;52.846;111168;OPTIMUM;398.0;0 | 0 | 398;52.586;104462;OPTIMUM;398.0;0 | 0 | 398;52.597;104462;OPTIMUM;398.0;0 | 0 | 398;51.058;101214;OPTIMUM;398.0;0 | 0 | 398;52.249;101615
instance_30_15_4_17;OPTIMUM;417.0;0 | 0 | 417;74.384;113633;OPTIMUM;417.0;0 | 0 | 417;74.8;120989;OPTIMUM;417.0;0 | 0 | 417;74.971;120989;OPTIMUM;417.0;0 | 0 | 417;74.411;113633;OPTIMUM;417.0;0 | 0 | 417;74.249;106391;OPTIMUM;417.0;0 | 0 | 417;74.271;106391;OPTIMUM;417.0;0 | 0 | 417;74.185;102879;OPTIMUM;417.0;0 | 0 | 417;74.192;102879
instance_30_15_4_18;OPTIMUM;448.0;0 | 0 | 448;75.076;118524;OPTIMUM;448.0;0 | 0 | 448;75.683;126471;OPTIMUM;448.0;0 | 0 | 448;76.843;126474;OPTIMUM;448.0;0 | 0 | 448;76.218;118967;OPTIMUM;448.0;0 | 0 | 448;74.397;105914;OPTIMUM;448.0;0 | 0 | 448;74.41;105917;OPTIMUM;448.0;0 | 0 | 448;74.237;102287;OPTIMUM;448.0;0 | 0 | 448;74.302;102730
instance_30_15_4_19;OPTIMUM;391.0;0 | 1 | 392;65.66;98009;OPTIMUM;391.0;0 | 1 | 392;66.064;105430;OPTIMUM;391.0;0 | 1 | 392;66.195;105437;OPTIMUM;391.0;0 | 1 | 392;65.791;98451;OPTIMUM;391.0;0 | 1 | 392;65.58;92704;OPTIMUM;391.0;0 | 1 | 392;66.564;92711;OPTIMUM;391.0;0 | 1 | 392;65.412;89046;OPTIMUM;391.0;0 | 1 | 392;65.526;89488
instance_30_15_4_2;OPTIMUM;369.0;0 | 0 | 369;67.37;116446;OPTIMUM;369.0;0 | 0 | 369;69.02;123144;OPTIMUM;369.0;0 | 0 | 369;69.304;123144;OPTIMUM;369.0;0 | 0 | 369;67.434;116863;OPTIMUM;369.0;0 | 0 | 369;67.499;113548;OPTIMUM;369.0;0 | 0 | 369;68.447;113548;OPTIMUM;369.0;0 | 0 | 369;63.867;110218;OPTIMUM;369.0;0 | 0 | 369;65.631;110635
instance_30_15_4_20;OPTIMUM;420.0;0 | 0 | 420;70.01;121313;OPTIMUM;420.0;0 | 0 | 420;70.542;128327;OPTIMUM;420.0;0 | 0 | 420;70.703;128332;OPTIMUM;420.0;0 | 0 | 420;70.18;121738;OPTIMUM;420.0;0 | 0 | 420;69.956;117089;OPTIMUM;420.0;0 | 0 | 420;69.952;117094;OPTIMUM;420.0;0 | 0 | 420;69.854;113700;OPTIMUM;420.0;0 | 0 | 420;69.874;114125
instance_30_15_4_21;UNSATISFIABLE;None;;0.042;0;UNSATISFIABLE;None;;0.066;0;UNSATISFIABLE;None;;0.068;0;UNSATISFIABLE;None;;0.054;0;UNSATISFIABLE;None;;0.059;0;UNSATISFIABLE;None;;0.063;0;UNSATISFIABLE;None;;0.054;0;UNSATISFIABLE;None;;0.057;0
instance_30_15_4_22;OPTIMUM;413.0;0 | 0 | 413;72.803;104562;OPTIMUM;413.0;0 | 0 | 413;73.109;111698;OPTIMUM;413.0;0 | 0 | 413;72.391;111707;OPTIMUM;413.0;0 | 0 | 413;72.636;104981;OPTIMUM;413.0;0 | 0 | 413;72.316;98118;OPTIMUM;413.0;0 | 0 | 413;71.583;98127;OPTIMUM;413.0;0 | 0 | 413;72.246;94840;OPTIMUM;413.0;0 | 0 | 413;71.199;95259
instance_30_15_4_23;OPTIMUM;427.0;0 | 0 | 427;72.296;112033;OPTIMUM;427.0;0 | 0 | 427;72.667;119246;OPTIMUM;427.0;0 | 0 | 427;73.816;119255;OPTIMUM;427.0;0 | 0 | 427;73.945;112463;OPTIMUM;427.0;0 | 0 | 427;71.906;100294;OPTIMUM;427.0;0 | 0 | 427;72.421;100303;OPTIMUM;427.0;0 | 0 | 427;71.855;96926;OPTIMUM;427.0;0 | 0 | 427;72.361;97356
instance_30_15_4_24;OPTIMUM;444.0;0 | 0 | 444;82.023;123410;OPTIMUM;444.0;0 | 0 | 444;82.398;129890;OPTIMUM;444.0;0 | 0 | 444;82.57;129890;OPTIMUM;444.0;0 | 0 | 444;82.073;123808;OPTIMUM;444.0;0 | 0 | 444;84.217;113804;OPTIMUM;444.0;0 | 0 | 444;84.257;113804;OPTIMUM;444.0;0 | 0 | 444;82.83;110778;OPTIMUM;444.0;0 | 0 | 444;82.064;111176
instance_30_15_4_25;OPTIMUM;402.0;0 | 0 | 402;52.876;117076;OPTIMUM;402.0;0 | 0 | 402;54.305;124659;OPTIMUM;402.0;0 | 0 | 402;53.393;124659;OPTIMUM;402.0;0 | 0 | 402;54.073;117499;OPTIMUM;402.0;0 | 0 | 402;53.701;108264;OPTIMUM;402.0;0 | 0 | 402;53.765;108264;OPTIMUM;402.0;0 | 0 | 402;52.59;104761;OPTIMUM;402.0;0 | 0 | 402;53.764;105184
instance_30_15_4_26;OPTIMUM;436.0;0 | 0 | 436;79.002;111226;OPTIMUM;436.0;0 | 0 | 436;76.63;117807;OPTIMUM;436.0;0 | 0 | 436;77.1;117810;OPTIMUM;436.0;0 | 0 | 436;78.983;111626;OPTIMUM;436.0;0 | 0 | 436;75.753;101609;OPTIMUM;436.0;0 | 0 | 436;75.684;101612;OPTIMUM;436.0;0 | 0 | 436;77.242;98398;OPTIMUM;436.0;0 | 0 | 436;78.585;98798
instance_30_15_4_27;OPTIMUM;407.0;0 | 0 | 407;70.915;111626;OPTIMUM;407.0;0 | 0 | 407;70.435;118997;OPTIMUM;407.0;0 | 0 | 407;70.544;119005;OPTIMUM;407.0;0 | 0 | 407;70.705;112060;OPTIMUM;407.0;0 | 0 | 407;69.658;103477;OPTIMUM;407.0;0 | 0 | 407;70.423;103485;OPTIMUM;407.0;0 | 0 | 407;70.483;100056;OPTIMUM;407.0;0 | 0 | 407;70.267;100490
instance_30_15_4_28;OPTIMUM;410.0;0 | 0 | 410;67.548;107636;OPTIMUM;410.0;0 | 0 | 410;69.005;114859;OPTIMUM;410.0;0 | 0 | 410;68.034;114870;OPTIMUM;410.0;0 | 0 | 410;67.554;108063;OPTIMUM;410.0;0 | 0 | 410;68.166;99128;OPTIMUM;410.0;0 | 0 | 410;65.216;99139;OPTIMUM;410.0;0 | 0 | 410;67.133;95757;OPTIMUM;410.0;0 | 0 | 410;65.012;96184
instance_30_15_4_29;OPTIMUM;399.0;0 | 0 | 399;43.467;99695;OPTIMUM;399.0;0 | 0 | 399;43.933;107491;OPTIMUM;399.0;0 | 0 | 399;43.845;107496;OPTIMUM;399.0;0 | 0 | 399;43.478;100122;OPTIMUM;399.0;0 | 0 | 399;43.425;97146;OPTIMUM;399.0;0 | 0 | 399;43.425;97151;OPTIMUM;399.0;0 | 0 | 399;40.13;93555;OPTIMUM;399.0;0 | 0 | 399;40.685;93982
instance_30_15_4_3;OPTIMUM;431.0;0 | 0 | 431;70.239;118898;OPTIMUM;431.0;0 | 0 | 431;70.874;125548;OPTIMUM;431.0;0 | 0 | 431;70.911;125548;OPTIMUM;431.0;0 | 0 | 431;70.299;118898;OPTIMUM;431.0;0 | 0 | 431;69.633;109206;OPTIMUM;431.0;0 | 0 | 431;69.635;109206;OPTIMUM;431.0;0 | 0 | 431;69.816;105833;OPTIMUM;431.0;0 | 0 | 431;69.607;105833
instance_30_15_4_30;OPTIMUM;435.0;0 | 0 | 435;74.515;118917;OPTIMUM;435.0;0 | 0 | 435;80.085;125637;OPTIMUM;435.0;0 | 0 | 435;78.58;125637;OPTIMUM;435.0;0 | 0 | 435;80.218;119321;OPTIMUM;435.0;0 | 0 | 435;76.965;106693;OPTIMUM;435.0;0 | 0 | 435;79.538;106693;OPTIMUM;435.0;0 | 0 | 435;72.447;103466;OPTIMUM;435.0;0 | 0 | 435;78.18;103870
instance_30_15_4_31;OPTIMUM;407.0;0 | 0 | 407;74.643;112398;OPTIMUM;407.0;0 | 0 | 407;75.143;118707;OPTIMUM;407.0;0 | 0 | 407;77.161;118707;OPTIMUM;407.0;0 | 0 | 407;74.633;112800;OPTIMUM;407.0;0 | 0 | 407;73.818;102031;OPTIMUM;407.0;0 | 0 | 407;73.885;102031;OPTIMUM;407.0;0 | 0 | 407;73.918;98974;OPTIMUM;407.0;0 | 0 | 407;76.771;99376
instance_30_15_4_32;OPTIMUM;382.0;0 | 0 | 382;63.774;110958;OPTIMUM;382.0;0 | 0 | 382;65.406;117913;OPTIMUM;382.0;0 | 0 | 382;64.07;117945;OPTIMUM;382.0;0 | 0 | 382;64.657;111419;OPTIMUM;382.0;0 | 0 | 382;65.289;103622;OPTIMUM;382.0;0 | 0 | 382;64.17;103654;OPTIMUM;382.0;0 | 0 | 382;63.314;100253;OPTIMUM;382.0;0 | 0 | 382;63.078;100714
instance_30_15_4_33;OPTIMUM;429.0;0 | 0 | 429;79.591;120286;OPTIMUM;429.0;0 | 0 | 429;80.098;127540;OPTIMUM;429.0;0 | 0 | 429;79.903;127545;OPTIMUM;429.0;0 | 0 | 429;79.491;120709;OPTIMUM;429.0;0 | 0 | 429;79.013;109220;OPTIMUM;429.0;0 | 0 | 429;78.969;109225;OPTIMUM;429.0;0 | 0 | 429;78.975;105839;OPTIMUM;429.0;0 | 0 | 429;78.714;106262
instance_30_15_4_34;OPTIMUM;396.0;0 | 0 | 396;69.178;114878;OPTIMUM;396.0;0 | 0 | 396;69.777;122538;OPTIMUM;396.0;0 | 0 | 396;69.708;122538;OPTIMUM;396.0;0 | 0 | 396;69.254;114878;OPTIMUM;396.0;0 | 0 | 396;68.764;106815;OPTIMUM;396.0;0 | 0 | 396;68.774;106815;OPTIMUM;396.0;0 | 0 | 396;68.568;103186;OPTIMUM;396.0;0 | 0 | 396;68.382;103186
instance_30_15_4_35;UNSATISFIABLE;None;;0.063;0;UNSATISFIABLE;None;;0.073;0;UNSATISFIABLE;None;;0.071;0;UNSATISFIABLE;None;;0.063;0;UNSATISFIABLE;None;;0.067;0;UNSATISFIABLE;None;;0.07;0;UNSATISFIABLE;None;;0.068;0;UNSATISFIABLE;None;;0.065;0
instance_30_15_4_36;OPTIMUM;427.0;0 | 0 | 427;57.979;99541;OPTIMUM;427.0;0 | 0 | 427;59.233;106383;OPTIMUM;427.0;0 | 0 | 427;58.678;106445;OPTIMUM;427.0;0 | 0 | 427;58.152;100021;OPTIMUM;427.0;0 | 0 | 427;57.555;90169;OPTIMUM;427.0;0 | 0 | 427;57.678;90231;OPTIMUM;427.0;0 | 0 | 427;57.393;86912;OPTIMUM;427.0;0 | 0 | 427;57.356;87392
instance_30_15_4_37;OPTIMUM;420.0;0 | 0 | 420;63.515;120896;OPTIMUM;420.0;0 | 0 | 420;62.844;127826;OPTIMUM;420.0;0 | 0 | 420;62.755;127826;OPTIMUM;420.0;0 | 0 | 420;62.372;121301;OPTIMUM;420.0;0 | 0 | 420;62.197;113074;OPTIMUM;420.0;0 | 0 | 420;62.145;113074;OPTIMUM;420.0;0 | 0 | 420;62.043;109785;OPTIMUM;420.0;0 | 0 | 420;61.965;110190
instance_30_15_4_38;OPTIMUM;402.0;0 | 0 | 402;64.576;106259;OPTIMUM;402.0;0 | 0 | 402;65.228;113653;OPTIMUM;402.0;0 | 0 | 402;64.179;113653;OPTIMUM;402.0;0 | 0 | 402;64.626;106686;OPTIMUM;402.0;0 | 0 | 402;64.345;98641;OPTIMUM;402.0;0 | 0 | 402;64.518;98641;OPTIMUM;402.0;0 | 0 | 402;64.125;95079;OPTIMUM;402.0;0 | 0 | 402;63.982;95506
instance_30_15_4_39;OPTIMUM;437.0;0 | 0 | 437;71.691;109253;OPTIMUM;437.0;0 | 0 | 437;72.18;116033;OPTIMUM;437.0;0 | 0 | 437;72.117;116033;OPTIMUM;437.0;0 | 0 | 437;71.657;109253;OPTIMUM;437.0;0 | 0 | 437;71.286;99780;OPTIMUM;437.0;0 | 0 | 437;71.301;99780;OPTIMUM;437.0;0 | 0 | 437;71.222;96487;OPTIMUM;437.0;0 | 0 | 437;71.022;96487
instance_30_15_4_4;OPTIMUM;450.0;0 | 0 | 450;91.733;124082;OPTIMUM;450.0;0 | 0 | 450;92.38;130518;OPTIMUM;450.0;0 | 0 | 450;95.321;130518;OPTIMUM;450.0;0 | 0 | 450;95.195;124491;OPTIMUM;450.0;0 | 0 | 450;90.213;112190;OPTIMUM;450.0;0 | 0 | 450;94.232;112190;OPTIMUM;450.0;0 | 0 | 450;90.155;108926;OPTIMUM;450.0;0 | 0 | 450;93.981;109335
instance_30_15_4_40;OPTIMUM;450.0;0 | 0 | 450;69.183;99528;OPTIMUM;450.0;0 | 0 | 450;67.736;106520;OPTIMUM;450.0;0 | 0 | 450;69.507;106541;OPTIMUM;450.0;0 | 0 | 450;69.022;99549;OPTIMUM;450.0;0 | 0 | 450;67.643;89867;OPTIMUM;450.0;0 | 0 | 450;67.53;89888;OPTIMUM;450.0;0 | 0 | 450;67.492;86543;OPTIMUM;450.0;0 | 0 | 450;67.294;86564
instance_30_15_4_41;OPTIMUM;443.0;0 | 0 | 443;80.576;118521;OPTIMUM;443.0;0 | 0 | 443;80.021;125445;OPTIMUM;443.0;0 | 0 | 443;79.625;125473;OPTIMUM;443.0;0 | 0 | 443;79.328;118971;OPTIMUM;443.0;0 | 0 | 443;81.953;105833;OPTIMUM;443.0;0 | 0 | 443;83.747;105861;OPTIMUM;443.0;0 | 0 | 443;78.857;102542;OPTIMUM;443.0;0 | 0 | 443;79.779;102992
instance_30_15_4_42;OPTIMUM;432.0;0 | 0 | 432;77.657;118667;OPTIMUM;432.0;0 | 0 | 432;77.109;125208;OPTIMUM;432.0;0 | 0 | 432;77.097;125208;OPTIMUM;432.0;0 | 0 | 432;76.575;119082;OPTIMUM;432.0;0 | 0 | 432;76.562;105183;OPTIMUM;432.0;0 | 0 | 432;75.72;105183;OPTIMUM;432.0;0 | 0 | 432;76.525;101869;OPTIMUM;432.0;0 | 0 | 432;76.324;102284
instance_30_15_4_43;OPTIMUM;411.0;0 | 0 | 411;82.424;111450;OPTIMUM;411.0;0 | 0 | 411;84.247;118072;OPTIMUM;411.0;0 | 0 | 411;81.267;118105;OPTIMUM;411.0;0 | 0 | 411;83.556;111904;OPTIMUM;411.0;0 | 0 | 411;79.952;101537;OPTIMUM;411.0;0 | 0 | 411;80.056;101570;OPTIMUM;411.0;0 | 0 | 411;80.85;98344;OPTIMUM;411.0;0 | 0 | 411;82.42;98798
instance_30_15_4_44;UNSATISFIABLE;None;;0.053;0;UNSATISFIABLE;None;;0.069;0;UNSATISFIABLE;None;;0.069;0;UNSATISFIABLE;None;;0.061;0;UNSATISFIABLE;None;;0.062;0;UNSATISFIABLE;None;;0.063;0;UNSATISFIABLE;None;;0.053;0;UNSATISFIABLE;None;;0.048;0
instance_30_15_4_45;OPTIMUM;416.0;0 | 0 | 416;71.486;119428;OPTIMUM;416.0;0 | 0 | 416;72.018;126478;OPTIMUM;416.0;0 | 0 | 416;73.525;126497;OPTIMUM;416.0;0 | 0 | 416;72.852;119447;OPTIMUM;416.0;0 | 0 | 416;70.854;107345;OPTIMUM;416.0;0 | 0 | 416;70.932;107364;OPTIMUM;416.0;0 | 0 | 416;70.672;103941;OPTIMUM;416.0;0 | 0 | 416;70.673;103960
instance_30_15_4_46;OPTIMUM;446.0;0 | 0 | 446;76.063;113933;OPTIMUM;446.0;0 | 0 | 446;76.251;120258;OPTIMUM;446.0;0 | 0 | 446;76.683;120265;OPTIMUM;446.0;0 | 0 | 446;76.147;114339;OPTIMUM;446.0;0 | 0 | 446;76.412;104274;OPTIMUM;446.0;0 | 0 | 446;75.364;104281;OPTIMUM;446.0;0 | 0 | 446;75.162;101182;OPTIMUM;446.0;0 | 0 | 446;75.271;101588
instance_30_15_4_47;OPTIMUM;417.0;0 | 1 | 418;59.762;126490;OPTIMUM;417.0;0 | 1 | 418;60.305;133965;OPTIMUM;417.0;0 | 1 | 418;60.179;133965;OPTIMUM;417.0;0 | 1 | 418;59.863;126924;OPTIMUM;417.0;0 | 1 | 418;59.524;119535;OPTIMUM;417.0;0 | 1 | 418;59.564;119535;OPTIMUM;417.0;0 | 1 | 418;59.422;115960;OPTIMUM;417.0;0 | 1 | 418;59.39;116394
instance_30_15_4_48;OPTIMUM;430.0;0 | 0 | 430;65.295;102677;OPTIMUM;430.0;0 | 0 | 430;65.674;109643;OPTIMUM;430.0;0 | 0 | 430;65.647;109643;OPTIMUM;430.0;0 | 0 | 430;65.342;103098;OPTIMUM;430.0;0 | 0 | 430;64.931;94500;OPTIMUM;430.0;0 | 0 | 430;64.979;94500;OPTIMUM;430.0;0 | 0 | 430;64.84;91151;OPTIMUM;430.0;0 | 0 | 430;64.774;91572
instance_30_15_4_49;OPTIMUM;421.0;0 | 0 | 421;74.738;109375;OPTIMUM;421.0;0 | 0 | 421;75.141;116059;OPTIMUM;421.0;0 | 0 | 421;77.616;116075;OPTIMUM;421.0;0 | 0 | 421;77.922;109804;OPTIMUM;421.0;0 | 0 | 421;74.469;97154;OPTIMUM;421.0;0 | 0 | 421;76.475;97170;OPTIMUM;421.0;0 | 0 | 421;74.327;93841;OPTIMUM;421.0;0 | 0 | 421;76.171;94270
instance_30_15_4_5;OPTIMUM;400.0;0 | 1 | 401;63.174;100279;OPTIMUM;400.0;0 | 1 | 401;63.56;107883;OPTIMUM;400.0;0 | 1 | 401;64.01;107884;OPTIMUM;400.0;0 | 1 | 401;63.268;100705;OPTIMUM;400.0;0 | 1 | 401;62.718;90873;OPTIMUM;400.0;0 | 1 | 401;62.882;90874;OPTIMUM;400.0;0 | 1 | 401;62.581;87287;OPTIMUM;400.0;0 | 1 | 401;62.494;87713
instance_30_15_4_50;OPTIMUM;396.0;0 | 7 | 403;65.607;102468;OPTIMUM;396.0;0 | 7 | 403;72.137;108737;OPTIMUM;396.0;0 | 7 | 403;64.837;108738;OPTIMUM;396.0;0 | 7 | 403;66.803;102880;OPTIMUM;396.0;0 | 7 | 403;68.359;96102;OPTIMUM;396.0;0 | 7 | 403;63.485;96103;OPTIMUM;396.0;0 | 7 | 403;63.617;92888;OPTIMUM;396.0;0 | 7 | 403;62.785;93300
instance_30_15_4_6;OPTIMUM;436.0;0 | 0 | 436;79.859;114094;OPTIMUM;436.0;0 | 0 | 436;77.762;120258;OPTIMUM;436.0;0 | 0 | 436;79.81;120260;OPTIMUM;436.0;0 | 0 | 436;80.278;114495;OPTIMUM;436.0;0 | 0 | 436;77.902;109354;OPTIMUM;436.0;0 | 0 | 436;79.17;109356;OPTIMUM;436.0;0 | 0 | 436;77.663;106246;OPTIMUM;436.0;0 | 0 | 436;77.603;106647
instance_30_15_4_7;UNSATISFIABLE;None;;0.077;0;UNSATISFIABLE;None;;0.091;0;UNSATISFIABLE;None;;0.094;0;UNSATISFIABLE;None;;0.076;0;UNSATISFIABLE;None;;0.073;0;UNSATISFIABLE;None;;0.075;0;UNSATISFIABLE;None;;0.075;0;UNSATISFIABLE;None;;0.07;0
instance_30_15_4_8;UNSATISFIABLE;None;;0.065;0;UNSATISFIABLE;None;;0.07;0;UNSATISFIABLE;None;;0.074;0;UNSATISFIABLE;None;;0.068;0;UNSATISFIABLE;None;;0.068;0;UNSATISFIABLE;None;;0.069;0;UNSATISFIABLE;None;;0.068;0;UNSATISFIABLE;None;;0.065;0
instance_30_15_4_9;OPTIMUM;385.0;0 | 1 | 386;53.64;100545;OPTIMUM;385.0;0 | 1 | 386;52.785;108153;OPTIMUM;385.0;0 | 1 | 386;53.004;108153;OPTIMUM;385.0;0 | 1 | 386;52.5;100545;OPTIMUM;385.0;0 | 1 | 386;51.37;92640;OPTIMUM;385.0;0 | 1 | 386;51.383;92640;OPTIMUM;385.0;0 | 1 | 386;51.327;89100;OPTIMUM;385.0;0 | 1 | 386;50.83;89100
instance_30_15_5_1;OPTIMUM;543.0;0 | 2 | 545;87.374;166309;OPTIMUM;543.0;0 | 2 | 545;84.52;175960;OPTIMUM;543.0;0 | 2 | 545;87.171;175978;OPTIMUM;543.0;0 | 2 | 545;87.245;166839;OPTIMUM;543.0;0 | 2 | 545;83.772;147434;OPTIMUM;543.0;0 | 2 | 545;83.01;147452;OPTIMUM;543.0;0 | 2 | 545;82.099;143149;OPTIMUM;543.0;0 | 2 | 545;80.714;143679
instance_30_15_5_10;UNSATISFIABLE;None;;0.09;0;UNSATISFIABLE;None;;0.109;0;UNSATISFIABLE;None;;0.113;0;UNSATISFIABLE;None;;0.09;0;UNSATISFIABLE;None;;0.081;0;UNSATISFIABLE;None;;0.091;0;UNSATISFIABLE;None;;0.077;0;UNSATISFIABLE;None;;0.072;0
instance_30_15_5_11;OPTIMUM;522.0;0 | 0 | 522;93.33;151701;OPTIMUM;522.0;0 | 0 | 522;91.855;160844;OPTIMUM;522.0;0 | 0 | 522;93.307;160844;OPTIMUM;522.0;0 | 0 | 522;91.383;152209;OPTIMUM;522.0;0 | 0 | 522;90.589;137627;OPTIMUM;522.0;0 | 0 | 522;91.258;137627;OPTIMUM;522.0;0 | 0 | 522;92.141;133329;OPTIMUM;522.0;0 | 0 | 522;91.074;133837
instance_30_15_5_12;OPTIMUM;568.0;0 | 0 | 568;99.104;163859;OPTIMUM;568.0;0 | 0 | 568;102.106;173699;OPTIMUM;568.0;0 | 0 | 568;101.175;173699;OPTIMUM;568.0;0 | 0 | 568;99.084;164371;OPTIMUM;568.0;0 | 0 | 568;96.7;140477;OPTIMUM;568.0;0 | 0 | 568;96.715;140477;OPTIMUM;568.0;0 | 0 | 568;96.554;136043;OPTIMUM;568.0;0 | 0 | 568;96.393;136555
instance_30_15_5_13;OPTIMUM;540.0;0 | 0 | 540;83.867;145774;OPTIMUM;540.0;0 | 0 | 540;86.244;156202;OPTIMUM;540.0;0 | 0 | 540;84.949;156212;OPTIMUM;540.0;0 | 0 | 540;82.665;145784;OPTIMUM;540.0;0 | 0 | 540;81.924;128376;OPTIMUM;540.0;0 | 0 | 540;83.672;128386;OPTIMUM;540.0;0 | 0 | 540;81.716;123788;OPTIMUM;540.0;0 | 0 | 540;81.713;123798
instance_30_15_5_14;OPTIMUM;504.0;0 | 1 | 505;88.471;144885;OPTIMUM;504.0;0 | 1 | 505;92.755;155515;OPTIMUM;504.0;0 | 1 | 505;90.497;155515;OPTIMUM;504.0;0 | 1 | 505;88.486;144885;OPTIMUM;504.0;0 | 1 | 505;90.614;133592;OPTIMUM;504.0;0 | 1 | 505;87.691;133592;OPTIMUM;504.0;0 | 1 | 505;82.454;128899;OPTIMUM;504.0;0 | 1 | 505;82.224;128899
instance_30_15_5_15;OPTIMUM;545.0;0 | 0 | 545;77.856;143342;OPTIMUM;545.0;0 | 0 | 545;80.74;152030;OPTIMUM;545.0;0 | 0 | 545;80.019;152030;OPTIMUM;545.0;0 | 0 | 545;78.142;143342;OPTIMUM;545.0;0 | 0 | 545;76.967;128394;OPTIMUM;545.0;0 | 0 | 545;76.994;128394;OPTIMUM;545.0;0 | 0 | 545;77.8;124219;OPTIMUM;545.0;0 | 0 | 545;77.458;124219
instance_30_15_5_16;OPTIMUM;464.0;0 | 3 | 467;70.992;148435;OPTIMUM;464.0;0 | 3 | 467;74.602;158639;OPTIMUM;464.0;0 | 3 | 467;77.351;158639;OPTIMUM;464.0;0 | 3 | 467;73.406;148955;OPTIMUM;464.0;0 | 3 | 467;77.328;131549;OPTIMUM;464.0;0 | 3 | 467;76.324;131549;OPTIMUM;464.0;0 | 3 | 467;71.99;126899;OPTIMUM;464.0;0 | 3 | 467;68.848;127419
instance_30_15_5_17;OPTIMUM;542.0;0 | 0 | 542;83.652;141824;OPTIMUM;542.0;0 | 0 | 542;84.562;152395;OPTIMUM;542.0;0 | 0 | 542;84.545;152395;OPTIMUM;542.0;0 | 0 | 542;83.898;141824;OPTIMUM;542.0;0 | 0 | 542;83.329;133846;OPTIMUM;542.0;0 | 0 | 542;83.265;133846;OPTIMUM;542.0;0 | 0 | 542;84.07;129190;OPTIMUM;542.0;0 | 0 | 542;83.846;129190
instance_30_15_5_18;OPTIMUM;527.0;0 | 0 | 527;87.276;144356;OPTIMUM;527.0;0 | 0 | 527;88.711;154592;OPTIMUM;527.0;0 | 0 | 527;92.973;154593;OPTIMUM;527.0;0 | 0 | 527;91.474;144877;OPTIMUM;527.0;0 | 0 | 527;86.661;131634;OPTIMUM;527.0;0 | 0 | 527;88.452;131635;OPTIMUM;527.0;0 | 0 | 527;86.573;127148;OPTIMUM;527.0;0 | 0 | 527;87.811;127669
instance_30_15_5_19;OPTIMUM;522.0;0 | 0 | 522;95.912;157952;OPTIMUM;522.0;0 | 0 | 522;98.514;167466;OPTIMUM;522.0;0 | 0 | 522;96.095;167480;OPTIMUM;522.0;0 | 0 | 522;93.61;158481;OPTIMUM;522.0;0 | 0 | 522;94.406;144396;OPTIMUM;522.0;0 | 0 | 522;96.812;144410;OPTIMUM;522.0;0 | 0 | 522;94.213;140104;OPTIMUM;522.0;0 | 0 | 522;96.15;140633
instance_30_15_5_2;OPTIMUM;546.0;0 | 0 | 546;73.638;124978;OPTIMUM;546.0;0 | 0 | 546;75.017;135216;OPTIMUM;546.0;0 | 0 | 546;76.287;135278;OPTIMUM;546.0;0 | 0 | 546;73.605;125570;OPTIMUM;546.0;0 | 0 | 546;73.231;108450;OPTIMUM;546.0;0 | 0 | 546;73.955;108512;OPTIMUM;546.0;0 | 0 | 546;72.79;103820;OPTIMUM;546.0;0 | 0 | 546;71.341;104412
instance_30_15_5_20;UNSATISFIABLE;None;;0.115;0;UNSATISFIABLE;None;;0.193;0;UNSATISFIABLE;None;;0.13;0;UNSATISFIABLE;None;;0.115;0;UNSATISFIABLE;None;;0.133;0;UNSATISFIABLE;None;;0.146;0;UNSATISFIABLE;None;;0.109;0;UNSATISFIABLE;None;;0.094;0
instance_30_15_5_21;OPTIMUM;509.0;0 | 0 | 509;102.394;147702;OPTIMUM;509.0;0 | 0 | 509;106.087;157665;OPTIMUM;509.0;0 | 0 | 509;101.556;157665;OPTIMUM;509.0;0 | 0 | 509;103.757;148227;OPTIMUM;509.0;0 | 0 | 509;102.089;135467;OPTIMUM;509.0;0 | 0 | 509;103.676;135467;OPTIMUM;509.0;0 | 0 | 509;100.372;130969;OPTIMUM;509.0;0 | 0 | 509;101.868;131494
instance_30_15_5_22;OPTIMUM;536.0;0 | 0 | 536;84.499;159042;OPTIMUM;536.0;0 | 0 | 536;85.31;167835;OPTIMUM;536.0;0 | 0 | 536;90.219;167843;OPTIMUM;536.0;0 | 0 | 536;89.404;159540;OPTIMUM;536.0;0 | 0 | 536;83.322;141461;OPTIMUM;536.0;0 | 0 | 536;83.788;141469;OPTIMUM;536.0;0 | 0 | 536;83.196;137370;OPTIMUM;536.0;0 | 0 | 536;84.219;137868
instance_30_15_5_23;OPTIMUM;532.0;0 | 0 | 532;96.799;157025;;;;;;;;;;;OPTIMUM;532.0;0 | 0 | 532;98.933;157559;OPTIMUM;532.0;0 | 0 | 532;99.132;139238;OPTIMUM;532.0;0 | 0 | 532;98.943;139252;OPTIMUM;532.0;0 | 0 | 532;97.701;134884;OPTIMUM;532.0;0 | 0 | 532;96.174;135418
instance_30_15_5_24;;;;;;;;;;;;;;;;;;;;;;;;;;;;;;;OPTIMUM;563.0;0 | 0 | 563;83.039;122399;OPTIMUM;563.0;0 | 0 | 563;82.849;122399
instance_30_15_5_25;;;;;;;;;;;;;;;;;;;;;;;;;;;;;;;OPTIMUM;538.0;0 | 0 | 538;79.004;124946;;;;;
