instance_sha256,backend,wc,wo,instance,slack_from,slack_to,overtime_reduction,similarity_change
017118e5960c7e18a239e77b1f198b44915ed895aea6f231bb872df91f90f0f2,gurobi-mip,1,1,instances/corrected_v2_reduced_suite/evaluation_critical/evaluation/critical/instance_u40_a10_v5_seed1003_critical.txt,0,1,0,10
017118e5960c7e18a239e77b1f198b44915ed895aea6f231bb872df91f90f0f2,gurobi-mip,1,1,instances/corrected_v2_reduced_suite/evaluation_critical/evaluation/critical/instance_u40_a10_v5_seed1003_critical.txt,1,2,0,5
03e563fb6290ae5b10f29c4bd69e140d46f5db64516b7ab5dad7e2186df2197b,gurobi-mip,1,1,instances/corrected_v2_reduced_suite/evaluation_critical/evaluation/critical/instance_u40_a25_v4_seed1001_critical.txt,0,1,0,7
03e563fb6290ae5b10f29c4bd69e140d46f5db64516b7ab5dad7e2186df2197b,gurobi-mip,1,1,instances/corrected_v2_reduced_suite/evaluation_critical/evaluation/critical/instance_u40_a25_v4_seed1001_critical.txt,1,2,0,3
08c9dd197d381bb1f7911fb0a8737b245d2c574183b871f4ce8688d8a15bcd12,gurobi-mip,1,1,instances/corrected_v2_reduced_suite/evaluation_critical/evaluation/critical/instance_u40_a15_v5_seed1003_critical.txt,0,1,0,12
08c9dd197d381bb1f7911fb0a8737b245d2c574183b871f4ce8688d8a15bcd12,gurobi-mip,1,1,instances/corrected_v2_reduced_suite/evaluation_critical/evaluation/critical/instance_u40_a15_v5_seed1003_critical.txt,1,2,0,6
0a4cc1c9eac79eca9e0861f05de893ae18e2c331afdb25b03c6efb933da1d71a,gurobi-mip,1,1,instances/corrected_v2_reduced_suite/evaluation_critical/evaluation/critical/instance_u30_a10_v4_seed1001_critical.txt,0,1,0,1
0a4cc1c9eac79eca9e0861f05de893ae18e2c331afdb25b03c6efb933da1d71a,gurobi-mip,1,1,instances/corrected_v2_reduced_suite/evaluation_critical/evaluation/critical/instance_u30_a10_v4_seed1001_critical.txt,1,2,0,1
0fa28a903cebd3a3dd85fef2874db9c94ef28e79ab436d5e05b1ed674d0dc046,gurobi-mip,1,1,instances/corrected_v2_reduced_suite/evaluation_critical/evaluation/critical/instance_u40_a10_v5_seed1001_critical.txt,0,1,0,6
0fa28a903cebd3a3dd85fef2874db9c94ef28e79ab436d5e05b1ed674d0dc046,gurobi-mip,1,1,instances/corrected_v2_reduced_suite/evaluation_critical/evaluation/critical/instance_u40_a10_v5_seed1001_critical.txt,1,2,0,2
1106683ff4d0a32c24be1898a1c47de6e406379be52c648767eb810adcb9134d,gurobi-mip,1,1,instances/corrected_v2_reduced_suite/evaluation_critical/evaluation/critical/instance_u30_a25_v4_seed1003_critical.txt,0,1,0,3
1106683ff4d0a32c24be1898a1c47de6e406379be52c648767eb810adcb9134d,gurobi-mip,1,1,instances/corrected_v2_reduced_suite/evaluation_critical/evaluation/critical/instance_u30_a25_v4_seed1003_critical.txt,1,2,0,3
13d35da4af1d246d1dc9e9e69e18e81522824e99442b070094b3ee6de84cff54,gurobi-mip,1,1,instances/corrected_v2_reduced_suite/evaluation_critical/evaluation/critical/instance_u30_a25_v5_seed1002_critical.txt,0,1,0,15
13d35da4af1d246d1dc9e9e69e18e81522824e99442b070094b3ee6de84cff54,gurobi-mip,1,1,instances/corrected_v2_reduced_suite/evaluation_critical/evaluation/critical/instance_u30_a25_v5_seed1002_critical.txt,1,2,0,9
148c8679adee389f3bfb69e52584b46bc596198bb5146008050adc703b39182e,gurobi-mip,1,1,instances/corrected_v2_reduced_suite/evaluation_critical/evaluation/critical/instance_u30_a15_v4_seed1002_critical.txt,0,1,0,8
148c8679adee389f3bfb69e52584b46bc596198bb5146008050adc703b39182e,gurobi-mip,1,1,instances/corrected_v2_reduced_suite/evaluation_critical/evaluation/critical/instance_u30_a15_v4_seed1002_critical.txt,1,2,0,7
1a2fbafb2974a05729c7a458b27e009b17a67dbbf649967446361307f7e124a3,gurobi-mip,1,1,instances/corrected_v2_reduced_suite/evaluation_critical/evaluation/critical/instance_u30_a15_v4_seed1003_critical.txt,0,1,0,3
1a2fbafb2974a05729c7a458b27e009b17a67dbbf649967446361307f7e124a3,gurobi-mip,1,1,instances/corrected_v2_reduced_suite/evaluation_critical/evaluation/critical/instance_u30_a15_v4_seed1003_critical.txt,1,2,0,2
22ee92263371ecea73d08de26b04d5edec6fc04579a52160b302a4510f99ac1e,gurobi-mip,1,1,instances/corrected_v2_reduced_suite/evaluation_critical/evaluation/critical/instance_u30_a20_v5_seed1001_critical.txt,0,1,0,1
22ee92263371ecea73d08de26b04d5edec6fc04579a52160b302a4510f99ac1e,gurobi-mip,1,1,instances/corrected_v2_reduced_suite/evaluation_critical/evaluation/critical/instance_u30_a20_v5_seed1001_critical.txt,1,2,0,1
23421d631ba25e8a6e9fc662d65c83fe6fccb717088483d568dab2b286aa89db,gurobi-mip,1,1,instances/corrected_v2_reduced_suite/evaluation_critical/evaluation/critical/instance_u40_a15_v4_seed1002_critical.txt,0,1,0,14
23421d631ba25e8a6e9fc662d65c83fe6fccb717088483d568dab2b286aa89db,gurobi-mip,1,1,instances/corrected_v2_reduced_suite/evaluation_critical/evaluation/critical/instance_u40_a15_v4_seed1002_critical.txt,1,2,0,11
2e89d655657e6565c5ecb975872229f2b89227e9d8d4becfc0d4e18894748b91,gurobi-mip,1,1,instances/corrected_v2_reduced_suite/evaluation_critical/evaluation/critical/instance_u40_a20_v4_seed1003_critical.txt,0,1,0,8
2e89d655657e6565c5ecb975872229f2b89227e9d8d4becfc0d4e18894748b91,gurobi-mip,1,1,instances/corrected_v2_reduced_suite/evaluation_critical/evaluation/critical/instance_u40_a20_v4_seed1003_critical.txt,1,2,0,4
34bd64e4677b21f310faa4406545db874dca6ae220c9a65e8a35f01abe1b0955,gurobi-mip,1,1,instances/corrected_v2_reduced_suite/evaluation_critical/evaluation/critical/instance_u30_a20_v4_seed1002_critical.txt,0,1,0,9
34bd64e4677b21f310faa4406545db874dca6ae220c9a65e8a35f01abe1b0955,gurobi-mip,1,1,instances/corrected_v2_reduced_suite/evaluation_critical/evaluation/critical/instance_u30_a20_v4_seed1002_critical.txt,1,2,0,6
395a48f8a39788bea86b6f70fb9ec6a2a924a9f8f08e8639adaf51dba4e7ae85,gurobi-mip,1,1,instances/corrected_v2_reduced_suite/evaluation_critical/evaluation/critical/instance_u40_a10_v4_seed1003_critical.txt,0,1,0,8
395a48f8a39788bea86b6f70fb9ec6a2a924a9f8f08e8639adaf51dba4e7ae85,gurobi-mip,1,1,instances/corrected_v2_reduced_suite/evaluation_critical/evaluation/critical/instance_u40_a10_v4_seed1003_critical.txt,1,2,0,3
3df9ad93fd31450b47bc05e23b939b69e8ff446e817f1dae19bc71c5f2d8d73d,gurobi-mip,1,1,instances/corrected_v2_reduced_suite/evaluation_critical/evaluation/critical/instance_u40_a25_v4_seed1003_critical.txt,0,1,0,8
3df9ad93fd31450b47bc05e23b939b69e8ff446e817f1dae19bc71c5f2d8d73d,gurobi-mip,1,1,instances/corrected_v2_reduced_suite/evaluation_critical/evaluation/critical/instance_u40_a25_v4_seed1003_critical.txt,1,2,0,3
4e512df627d17612d29d4a3e5f36bd78eb17641a1923ef501751875f036a5ae9,gurobi-mip,1,1,instances/corrected_v2_reduced_suite/evaluation_critical/evaluation/critical/instance_u40_a25_v5_seed1003_critical.txt,0,1,0,10
4e512df627d17612d29d4a3e5f36bd78eb17641a1923ef501751875f036a5ae9,gurobi-mip,1,1,instances/corrected_v2_reduced_suite/evaluation_critical/evaluation/critical/instance_u40_a25_v5_seed1003_critical.txt,1,2,0,7
51df0f9f4a354e14ce203c3399ff72e9f90e0370b7b497467427e1d198dd119e,gurobi-mip,1,1,instances/corrected_v2_reduced_suite/evaluation_critical/evaluation/critical/instance_u30_a25_v5_seed1001_critical.txt,0,1,0,3
51df0f9f4a354e14ce203c3399ff72e9f90e0370b7b497467427e1d198dd119e,gurobi-mip,1,1,instances/corrected_v2_reduced_suite/evaluation_critical/evaluation/critical/instance_u30_a25_v5_seed1001_critical.txt,1,2,0,1
559a4cbe53b4c6b0b9bb730eba6ec962c70e2de70ab1b20d1f420367127f3bf9,gurobi-mip,1,1,instances/corrected_v2_reduced_suite/evaluation_critical/evaluation/critical/instance_u40_a10_v5_seed1002_critical.txt,0,1,0,8
559a4cbe53b4c6b0b9bb730eba6ec962c70e2de70ab1b20d1f420367127f3bf9,gurobi-mip,1,1,instances/corrected_v2_reduced_suite/evaluation_critical/evaluation/critical/instance_u40_a10_v5_seed1002_critical.txt,1,2,0,6
5c9a8a3dcc3d1fe985ff86f0f6765ea477a79927e1fcb4a8a0be3ecb89ce8cfe,gurobi-mip,1,1,instances/corrected_v2_reduced_suite/evaluation_critical/evaluation/critical/instance_u40_a25_v4_seed1002_critical.txt,0,1,0,7
5c9a8a3dcc3d1fe985ff86f0f6765ea477a79927e1fcb4a8a0be3ecb89ce8cfe,gurobi-mip,1,1,instances/corrected_v2_reduced_suite/evaluation_critical/evaluation/critical/instance_u40_a25_v4_seed1002_critical.txt,1,2,0,5
60b67ddc948fc1382700a5f01082aad04d5d3d19d708c2351412f697e9f9ead7,gurobi-mip,1,1,instances/corrected_v2_reduced_suite/evaluation_critical/evaluation/critical/instance_u40_a15_v4_seed1003_critical.txt,0,1,0,10
60b67ddc948fc1382700a5f01082aad04d5d3d19d708c2351412f697e9f9ead7,gurobi-mip,1,1,instances/corrected_v2_reduced_suite/evaluation_critical/evaluation/critical/instance_u40_a15_v4_seed1003_critical.txt,1,2,0,4
62008dec11bbf59cff06c3683881ade351ca92418b870d35d1f1890238c858bd,gurobi-mip,1,1,instances/corrected_v2_reduced_suite/evaluation_critical/evaluation/critical/instance_u30_a15_v5_seed1002_critical.txt,0,1,1,8
62008dec11bbf59cff06c3683881ade351ca92418b870d35d1f1890238c858bd,gurobi-mip,1,1,instances/corrected_v2_reduced_suite/evaluation_critical/evaluation/critical/instance_u30_a15_v5_seed1002_critical.txt,1,2,0,14
639577696bca853293d2ae7d38a7ba6a70e96d5c5a65dbe9dd57285b00a779ad,gurobi-mip,1,1,instances/corrected_v2_reduced_suite/evaluation_critical/evaluation/critical/instance_u30_a10_v5_seed1002_critical.txt,0,1,0,13
639577696bca853293d2ae7d38a7ba6a70e96d5c5a65dbe9dd57285b00a779ad,gurobi-mip,1,1,instances/corrected_v2_reduced_suite/evaluation_critical/evaluation/critical/instance_u30_a10_v5_seed1002_critical.txt,1,2,0,9
64a7b2c2ff975f7b043d37a3b7cd606305b2dcbf5aed735f467f0ff6c51b422e,gurobi-mip,1,1,instances/corrected_v2_reduced_suite/evaluation_critical/evaluation/critical/instance_u30_a15_v5_seed1003_critical.txt,0,1,0,8
64a7b2c2ff975f7b043d37a3b7cd606305b2dcbf5aed735f467f0ff6c51b422e,gurobi-mip,1,1,instances/corrected_v2_reduced_suite/evaluation_critical/evaluation/critical/instance_u30_a15_v5_seed1003_critical.txt,1,2,0,4
65de3dfdc16f9c773e9874c2357071bf31732b49485a995a839ed1f4d259a558,gurobi-mip,1,1,instances/corrected_v2_reduced_suite/evaluation_critical/evaluation/critical/instance_u30_a20_v5_seed1003_critical.txt,0,1,0,8
65de3dfdc16f9c773e9874c2357071bf31732b49485a995a839ed1f4d259a558,gurobi-mip,1,1,instances/corrected_v2_reduced_suite/evaluation_critical/evaluation/critical/instance_u30_a20_v5_seed1003_critical.txt,1,2,0,4
68e2b74d850c1069e78bc56681e6d252a2a8df6699aceb2e6aaffeff722beca0,gurobi-mip,1,1,instances/corrected_v2_reduced_suite/evaluation_critical/evaluation/critical/instance_u30_a20_v4_seed1003_critical.txt,0,1,0,3
68e2b74d850c1069e78bc56681e6d252a2a8df6699aceb2e6aaffeff722beca0,gurobi-mip,1,1,instances/corrected_v2_reduced_suite/evaluation_critical/evaluation/critical/instance_u30_a20_v4_seed1003_critical.txt,1,2,0,3
6a86d9e04419d5434a8ac83437d7b4c9067045575a2a45a9a29888e5d862b401,gurobi-mip,1,1,instances/corrected_v2_reduced_suite/evaluation_critical/evaluation/critical/instance_u40_a25_v5_seed1002_critical.txt,0,1,0,19
6a86d9e04419d5434a8ac83437d7b4c9067045575a2a45a9a29888e5d862b401,gurobi-mip,1,1,instances/corrected_v2_reduced_suite/evaluation_critical/evaluation/critical/instance_u40_a25_v5_seed1002_critical.txt,1,2,0,9
7a04660fc90733bd70c078b57f1458a7d6d3407d9182f01d456779938bbe7cac,gurobi-mip,1,1,instances/corrected_v2_reduced_suite/evaluation_critical/evaluation/critical/instance_u30_a25_v4_seed1001_critical.txt,0,1,0,5
7a04660fc90733bd70c078b57f1458a7d6d3407d9182f01d456779938bbe7cac,gurobi-mip,1,1,instances/corrected_v2_reduced_suite/evaluation_critical/evaluation/critical/instance_u30_a25_v4_seed1001_critical.txt,1,2,0,1
89692a0adfe31e70296f9df2d93729e2d0d78b4a72a9014431a8e164a2608768,gurobi-mip,1,1,instances/corrected_v2_reduced_suite/evaluation_critical/evaluation/critical/instance_u30_a20_v5_seed1002_critical.txt,0,1,0,17
89692a0adfe31e70296f9df2d93729e2d0d78b4a72a9014431a8e164a2608768,gurobi-mip,1,1,instances/corrected_v2_reduced_suite/evaluation_critical/evaluation/critical/instance_u30_a20_v5_seed1002_critical.txt,1,2,0,11
8fe397ee776a8cfb744bb77da0e91099c029a4cc2c05d5c45c831bea9ff5aa62,gurobi-mip,1,1,instances/corrected_v2_reduced_suite/evaluation_critical/evaluation/critical/instance_u40_a20_v4_seed1002_critical.txt,0,1,0,12
8fe397ee776a8cfb744bb77da0e91099c029a4cc2c05d5c45c831bea9ff5aa62,gurobi-mip,1,1,instances/corrected_v2_reduced_suite/evaluation_critical/evaluation/critical/instance_u40_a20_v4_seed1002_critical.txt,1,2,0,7
935abeb825bf65f5eb6f564d142868752b8f09cc140daeead539a193eee52b75,gurobi-mip,1,1,instances/corrected_v2_reduced_suite/evaluation_critical/evaluation/critical/instance_u40_a15_v4_seed1001_critical.txt,0,1,0,6
935abeb825bf65f5eb6f564d142868752b8f09cc140daeead539a193eee52b75,gurobi-mip,1,1,instances/corrected_v2_reduced_suite/evaluation_critical/evaluation/critical/instance_u40_a15_v4_seed1001_critical.txt,1,2,0,2
93e26e12184989f851e4f91e33046006e375b0bdc1069591b75e6f5d66e9d66b,gurobi-mip,1,1,instances/corrected_v2_reduced_suite/evaluation_critical/evaluation/critical/instance_u40_a10_v4_seed1002_critical.txt,0,1,0,10
93e26e12184989f851e4f91e33046006e375b0bdc1069591b75e6f5d66e9d66b,gurobi-mip,1,1,instances/corrected_v2_reduced_suite/evaluation_critical/evaluation/critical/instance_u40_a10_v4_seed1002_critical.txt,1,2,0,7
9b4ded7517693f18fc14c67224a40507d9d4088119616e90b89f0bbcadb2445d,gurobi-mip,1,1,instances/corrected_v2_reduced_suite/evaluation_critical/evaluation/critical/instance_u40_a20_v5_seed1001_critical.txt,0,1,0,6
9b4ded7517693f18fc14c67224a40507d9d4088119616e90b89f0bbcadb2445d,gurobi-mip,1,1,instances/corrected_v2_reduced_suite/evaluation_critical/evaluation/critical/instance_u40_a20_v5_seed1001_critical.txt,1,2,0,3
addefcd65569a464f6ade877201060bec8b3edf54c9784bd4a2ce47e7fa65a0a,gurobi-mip,1,1,instances/corrected_v2_reduced_suite/evaluation_critical/evaluation/critical/instance_u40_a15_v5_seed1001_critical.txt,0,1,0,6
addefcd65569a464f6ade877201060bec8b3edf54c9784bd4a2ce47e7fa65a0a,gurobi-mip,1,1,instances/corrected_v2_reduced_suite/evaluation_critical/evaluation/critical/instance_u40_a15_v5_seed1001_critical.txt,1,2,0,2
aee0a6b7ec9777049ee75f53a345d8b1b5d4d3de33e8d3f6c9559f510624b169,gurobi-mip,1,1,instances/corrected_v2_reduced_suite/evaluation_critical/evaluation/critical/instance_u40_a20_v5_seed1002_critical.txt,0,1,0,20
aee0a6b7ec9777049ee75f53a345d8b1b5d4d3de33e8d3f6c9559f510624b169,gurobi-mip,1,1,instances/corrected_v2_reduced_suite/evaluation_critical/evaluation/critical/instance_u40_a20_v5_seed1002_critical.txt,1,2,0,9
b98e75059c523562fbab64282673d9ea225242fe21209b5e428aee89aa625edd,gurobi-mip,1,1,instances/corrected_v2_reduced_suite/evaluation_critical/evaluation/critical/instance_u40_a10_v4_seed1001_critical.txt,0,1,0,7
b98e75059c523562fbab64282673d9ea225242fe21209b5e428aee89aa625edd,gurobi-mip,1,1,instances/corrected_v2_reduced_suite/evaluation_critical/evaluation/critical/instance_u40_a10_v4_seed1001_critical.txt,1,2,0,2
bf02b641d1ae8d30c144fab0d28c5aca968d3331c2c020b30c1e45791af1e438,gurobi-mip,1,1,instances/corrected_v2_reduced_suite/evaluation_critical/evaluation/critical/instance_u30_a10_v4_seed1002_critical.txt,0,1,0,8
bf02b641d1ae8d30c144fab0d28c5aca968d3331c2c020b30c1e45791af1e438,gurobi-mip,1,1,instances/corrected_v2_reduced_suite/evaluation_critical/evaluation/critical/instance_u30_a10_v4_seed1002_critical.txt,1,2,0,2
cf5584e50c87aace73c609c7ad0a93612c40b8323ca8f8a5664aa14449736764,gurobi-mip,1,1,instances/corrected_v2_reduced_suite/evaluation_critical/evaluation/critical/instance_u30_a15_v4_seed1001_critical.txt,0,1,0,2
cf5584e50c87aace73c609c7ad0a93612c40b8323ca8f8a5664aa14449736764,gurobi-mip,1,1,instances/corrected_v2_reduced_suite/evaluation_critical/evaluation/critical/instance_u30_a15_v4_seed1001_critical.txt,1,2,0,1
d4d3d128eb54871902a41a24c690d5559af2a39138098ef2902d8f1e4d8089a8,gurobi-mip,1,1,instances/corrected_v2_reduced_suite/evaluation_critical/evaluation/critical/instance_u30_a20_v4_seed1001_critical.txt,0,1,0,3
d4d3d128eb54871902a41a24c690d5559af2a39138098ef2902d8f1e4d8089a8,gurobi-mip,1,1,instances/corrected_v2_reduced_suite/evaluation_critical/evaluation/critical/instance_u30_a20_v4_seed1001_critical.txt,1,2,0,1
d83d36c93f2b20d42d2082b908832af7a5bf6831774fa8060410156fd9f71c3d,gurobi-mip,1,1,instances/corrected_v2_reduced_suite/evaluation_critical/evaluation/critical/instance_u40_a20_v5_seed1003_critical.txt,0,1,0,12
d83d36c93f2b20d42d2082b908832af7a5bf6831774fa8060410156fd9f71c3d,gurobi-mip,1,1,instances/corrected_v2_reduced_suite/evaluation_critical/evaluation/critical/instance_u40_a20_v5_seed1003_critical.txt,1,2,0,6
d905fad91222982a08a22ae863c33e30bfbfd97c54ac14ec4029959a98d9ffe3,gurobi-mip,1,1,instances/corrected_v2_reduced_suite/evaluation_critical/evaluation/critical/instance_u30_a15_v5_seed1001_critical.txt,0,1,0,1
d905fad91222982a08a22ae863c33e30bfbfd97c54ac14ec4029959a98d9ffe3,gurobi-mip,1,1,instances/corrected_v2_reduced_suite/evaluation_critical/evaluation/critical/instance_u30_a15_v5_seed1001_critical.txt,1,2,0,1
de23508d979db3048be208918f8d51242d991165e80c2414fca7a3ce4ee5b17d,gurobi-mip,1,1,instances/corrected_v2_reduced_suite/evaluation_critical/evaluation/critical/instance_u30_a25_v4_seed1002_critical.txt,0,1,1,0
de23508d979db3048be208918f8d51242d991165e80c2414fca7a3ce4ee5b17d,gurobi-mip,1,1,instances/corrected_v2_reduced_suite/evaluation_critical/evaluation/critical/instance_u30_a25_v4_seed1002_critical.txt,1,2,0,9
e045b0692d9963b967cc37f3afb3e58c3e9aff61a3ca6f5ab662629dc35b3201,gurobi-mip,1,1,instances/corrected_v2_reduced_suite/evaluation_critical/evaluation/critical/instance_u40_a25_v5_seed1001_critical.txt,0,1,0,7
e045b0692d9963b967cc37f3afb3e58c3e9aff61a3ca6f5ab662629dc35b3201,gurobi-mip,1,1,instances/corrected_v2_reduced_suite/evaluation_critical/evaluation/critical/instance_u40_a25_v5_seed1001_critical.txt,1,2,0,5
e90c35e7cece54d3787eeeb644bcf0edacb9c7c339799fb4aaa218f9d27dc487,gurobi-mip,1,1,instances/corrected_v2_reduced_suite/evaluation_critical/evaluation/critical/instance_u30_a25_v5_seed1003_critical.txt,0,1,0,8
e90c35e7cece54d3787eeeb644bcf0edacb9c7c339799fb4aaa218f9d27dc487,gurobi-mip,1,1,instances/corrected_v2_reduced_suite/evaluation_critical/evaluation/critical/instance_u30_a25_v5_seed1003_critical.txt,1,2,0,4
ecef75f227343cde9e2c9dfd880ff2779326fa051917a8a437023079d7d1ee16,gurobi-mip,1,1,instances/corrected_v2_reduced_suite/evaluation_critical/evaluation/critical/instance_u30_a10_v4_seed1003_critical.txt,0,1,0,2
ecef75f227343cde9e2c9dfd880ff2779326fa051917a8a437023079d7d1ee16,gurobi-mip,1,1,instances/corrected_v2_reduced_suite/evaluation_critical/evaluation/critical/instance_u30_a10_v4_seed1003_critical.txt,1,2,0,2
f0260653f1c0ec8a84896f38a9bfdbc795d01316d5a47411bbb0a60f7a6e9958,gurobi-mip,1,1,instances/corrected_v2_reduced_suite/evaluation_critical/evaluation/critical/instance_u30_a10_v5_seed1001_critical.txt,0,1,1,-3
f0260653f1c0ec8a84896f38a9bfdbc795d01316d5a47411bbb0a60f7a6e9958,gurobi-mip,1,1,instances/corrected_v2_reduced_suite/evaluation_critical/evaluation/critical/instance_u30_a10_v5_seed1001_critical.txt,1,2,0,2
f05bb4ba1ebe8ecf0e95e0508ba8cba7463abb6f7c5a573eafb693c49e861cc0,gurobi-mip,1,1,instances/corrected_v2_reduced_suite/evaluation_critical/evaluation/critical/instance_u40_a20_v4_seed1001_critical.txt,0,1,0,7
f05bb4ba1ebe8ecf0e95e0508ba8cba7463abb6f7c5a573eafb693c49e861cc0,gurobi-mip,1,1,instances/corrected_v2_reduced_suite/evaluation_critical/evaluation/critical/instance_u40_a20_v4_seed1001_critical.txt,1,2,0,2
f927ebb65ee27c08aa667987adf8f8a250da1264d79c4928cd88971e4a6b004e,gurobi-mip,1,1,instances/corrected_v2_reduced_suite/evaluation_critical/evaluation/critical/instance_u30_a10_v5_seed1003_critical.txt,0,1,0,7
f927ebb65ee27c08aa667987adf8f8a250da1264d79c4928cd88971e4a6b004e,gurobi-mip,1,1,instances/corrected_v2_reduced_suite/evaluation_critical/evaluation/critical/instance_u30_a10_v5_seed1003_critical.txt,1,2,0,3
fbf890b517ed96fe2ae987767a36e6554398d327dac819b9cc3837ab221b32da,gurobi-mip,1,1,instances/corrected_v2_reduced_suite/evaluation_critical/evaluation/critical/instance_u40_a15_v5_seed1002_critical.txt,0,1,0,17
fbf890b517ed96fe2ae987767a36e6554398d327dac819b9cc3837ab221b32da,gurobi-mip,1,1,instances/corrected_v2_reduced_suite/evaluation_critical/evaluation/critical/instance_u40_a15_v5_seed1002_critical.txt,1,2,0,5
